year;month;1;2;3;4;5;6;7;8;9;10;11;12;13;14;15;16;17;18;19;20;21;22;23;24;25;26;27;28;29;30;31
1966;1;;;;;;;;;;;;;;;;;;;;;;;;;;;;;;;
1966;2;;;;;;;;;;;;;;;;;;;;;;;;;;;;;;;
1966;3;;;;;;;;;;;;;;;;;;;;;;;;;;;;;;;
1966;4;;;;;;;;;;;;;;;;;;;;;;;;;;;;;;;
1966;5;;;;;;;;;;;;;;;;;;;;;;;;;;;;;;;
1966;6;;;;;;;;;;;;;;;;;;;;;;;;;;;;;;;
1966;7;;;;;;;;;;;;;;;;;;;;;;;;;;;;;;;
1966;8;;;;;;;;;;;;;;;;;;;;;;;;;;;;;;;
1966;9;1350;1312;1235;1155;1175;1195;1155;1109;1140;1160;1160;1165;1114;1118;1126;1086;1077;1077;1010;1014;1054;1014;1038;1113;1131;1054;954,4;950,2;929,2;937,6;
1966;10;1086;1205;1265;1290;1307;1370;1385;1350;1340;1370;1450;1450;1478;1450;1428;1385;1318;1245;1235;1220;1280;1290;1149;1140;1081;1086;1135;1158;1205;1171;1131
1966;11;1038;1090;1113;1072;1034;1072;1144;1220;1275;1307;1355;1456;1474;1510;1505;1401;1240;1108;1050;967;1050;1205;1167;1190;1296;1375;1380;1439;1525;1579;
1966;12;1654;1708;1678;1640;1672;1619;1650;1702;1740;1770;1780;1846;1971;1971;1836;1708;1525;1385;1275;1167;1104;1077;1118;1095;1026;1038;1010;971,3;877;861;885
1967;1;885;849;767,2;740,2;744;707,5;686,2;671;629,8;637,2;648,3;711;697;971;655,8;637,2;690;622,4;697,5;587;633,5;704;583,5;663,4;648,3;604,5;671;775,6;678,6;597,5;587
1967;2;817;747,8;674,8;655,8;633,5;759,2;659,6;648,3;629,8;611,5;622,4;677;559;539,5;465;471;498,5;518,5;518,5;522;501,8;525,5;640,9;732,6;571;508,4;539,5;618,7;;;
1967;3;522;491,9;501,8;482;482;475,6;438;441;438;429;429;508,4;611,5;508,4;472,4;432;441;456,4;459,6;426;411;405;414;399;390;387,1;387,1;384,2;384,2;396;432
1967;4;405;411;565;453,2;435;429;590,5;462,8;469,2;438;562;469,2;529;508,4;771,4;732,6;767,2;933,4;813;893;1001;1064;958,6;755,4;644,6;574;682,4;877;885;1046;
1967;5;1185;1126;1064;1059;967;821;821;933,4;967;971,3;992,8;909;946;954,4;950,2;988,5;1018;1131;1167;1131;1042;933,4;921;925;869;1014;1113;1176;1205;1285;1370
1967;6;1515;1609;1696;1730;1788;1885;1893;1874;1818;1634;1456;1340;1225;1195;1185;1205;1230;1318;1401;1489;1603;1760;1812;1760;1730;1614;1489;1478;1510;1580;
1967;7;1640;1614;1525;1450;1360;1260;1215;1275;1307;1323;1370;1350;1307;1323;1412;1472;1510;1525;1467;1329;1210;1108;1072;1131;1113;1064;1001;921;885;950,2;975,6
1967;8;997,1;992,8;946;958,6;979,9;881;800,8;771,4;817;873;845;829;821;829;869;901;971,3;971,3;992,1;1042;1077;1108;1136;1095;992,8;954,4;975,6;925;841;845;869
1967;9;979,9;1054;1171;1245;1144;1086;1158;1210;1280;1270;1323;1350;1334;1190;1167;1302;1307;1200;1265;1340;1312;1240;1149;1082;946;897;905;962,8;929,2;1118;
1967;10;1176;1158;1154;1082;1022;971,3;921;937,6;1068;1054;1030;1022;1018;1038;1018;1122;1001;958,6;1131;1113;1162;1190;1205;1215;1220;1270;1265;1323;1445;1467;1452
1967;11;1489;1500;1489;1489;1510;1478;1360;1285;1329;1350;1312;1176;1077;1086;1131;1144;1167;1154;1095;1205;1290;1334;1418;1510;1515;1467;1340;1220;1162;1158;
1967;12;1077;833;1026;984,2;901;909;933,4;954,4;1030;1001;967;1054;958,6;885;805;725;693,5;690;678,6;690;775,6;813;725;704;718;796;763;755,4;763;711;667,2
1968;1;595;569;557;553;525;510;496;496;494;475;475;464;475;489;472;486;445;461;424;395;376;368;386;398;395;439;424;416;424;419;418,5
1968;2;418;400;409;406;403;403;425;397;389;386;389;388;371;388;373;364;346;340;335;;;;;;;;;;;;
1968;3;;;;;;;;;;;;;;;;;;;;;;;;;;;;;;;
1968;4;457;724;547;498;487;445;413;461;498;584;583;611;711;694;549;482;443;473;486;466;428;385;395;501;474;438;440;456;421;385;
1968;5;384;378;398;634;508;433;533;618;631;660;640;643;684;626;680;622;843;958;953;916;878;834;801;703;644;632;396;568;715;868;974
1968;6;973;1089;1246;1172;939;1001;1005;986;1050;1112;847;934;972;931;744;847;910;935;945;987;987;981;1200;1292;1383;1194;1072;1008;986;949;
1968;7;788;1385;1488;1565;1544;1447;1276;1186;1085;944;829;749;792;789;834;904;1161;1428;1467;1549;1635;1732;1695;1586;1579;1463;1369;1041;937;850;833
1968;8;855;858;1081;1046;1017;1128;1288;1422;1574;1015;1219;1586;1418;1249;1176;1119;1173;1288;1251;1232;1278;1097;955;902;988;1102;1139;1290;1376;1403;1490
1968;9;1572;1672;1695;1678;1621;1577;1438;1383;1344;1261;1251;1136;1083;1184;1232;1158;1147;1165;1147;1044;949;934;958;955;1553;1500;1479;1374;1067;1170;
1968;10;1169;1002;1039;980;1001;1400;1044;1029;1034;1070;1107;1261;1401;1535;1649;1830;1844;1744;1689;1621;1614;1672;1586;1551;1544;1558;1778;1816;1810;1735;1701
1968;11;1678;1626;1505;1403;1333;1326;1306;1374;1347;1143;1088;1119;1125;1169;1349;1392;1442;1493;1502;1431;1358;1335;1392;1438;1507;1542;1588;1544;1444;1313;
1968;12;1263;1112;1050;973;1001;963;937;1018;1041;1057;987;924;892;869;844;841;782;705;686;684;684;709;799;686;683;710;734;786;844;860;892
1969;1;549;540;533;531;527;513;534;532;538;515;513;533;538;559;642;582;594;592;581;578;568;545;525;525;531;532;531;520;507;499;489
1969;2;487;475;467;459;455;449;439;429;425;417;406;390;354;321;301,1;260,8;260,8;381,6;341,4;334;358;442;468;487;510;562;630;575;;;
1969;3;;;;;;;;;;;;;;;;;;;;;;;;;;;;;;;
1969;4;;;;;;;;;;;;;;;;;;;;;;;;;;;;;;;
1969;5;1405;1053;988,2;941,5;871,8;879,9;958,6;1008;1053;1103;1133;1182;1136;1129;1172;1261;1261;1142;1018;955;938;974;1025;1288;1335;1181;1038;1023;1091;1110;1039
1969;6;1188;1456;1545;1525;1392;1454;1532;1593;1621;1523;1440;1392;1381;1376;1417;1495;1570;1607;1704;1667;1551;1428;1433;1394;1263;1232;1244;1228;1276;1412;
1969;7;1449;1431;1385;1335;1297;1240;1232;1213;1154;1116;1072;1031;974;966;1041;1043;1001;942;914;895;889;878;854;847;825;811;790;780;758;749;754
1969;8;757;822;878;916;965;983;1022;1072;1109;1165;1342;1431;1458;1579;1658;1712;1773;1827;1876;1873;1876;1876;1876;1818;1542;1460;1433;1437;1424;1385;1367
1969;9;1338;1331;1249;1232;1223;1209;1203;1255;1317;1392;1530;1544;1572;1593;1618;1579;1520;1488;1440;1395;1344;1291;1355;1244;1169;1191;1133;1298;1392;1419;
1969;10;1385;1375;1548;1619;1621;1644;1678;1717;1730;1859;1760;1790;1760;1734;1628;1678;1725;1702;1679;1656;1633;1610;1587;1564;1561;1543;1543;1545;1553;1570;1560
1969;11;;;;;;;;;;;;;;;;;;;;;;;;;;;;;;;
1969;12;1564;1564;1564;1564;1902;1621;1506;1331;1197;1141;1054;1015;1249;1169;1177;1130;1034;1106;1062;1054;1067;1064;1009;996;1033;1014;1011;1019;864;786;752
1970;1;737;711;690;711;722;706;739;889;782;849;1158;1186;1268;1426;1460;1372;1209;1028;923;866;834;782;737;693;649;701,8;647,4;637;600,5;549,1;519,4
1970;2;;;;;;;;;;;;;;;;;;;;;;;;;;;;;;;
1970;3;;;;;;;;;;;;;;;;;;;;;;;;;;;;;;;
1970;4;;;;;;;;;;;;;;;;;;;;;;;;;;;;;;;
1970;5;;;;;;;;;;;;;;;;;;;;;;;;;;;;;;;
1970;6;;;;;;;;;;;;;;;;;;;;;;;;;;;;;;;
1970;7;;;;;;;;;;;;;;;;;;;;;;;;;;;;;;;
1970;8;981,7;980,6;981,5;980,6;1002;923;906;900;870;856;836;840;854;858;934;968;928;898;901;939;969;945;939;874;885;921;930;933;940;919;996
1970;9;1067;1050;1009;1002;948;935;1004;1046;1198;1338;1380;1362;1295;1220;1118;1011;976;995;1013;1086;1144;1153;1127;1126;1157;1168;1130;1093;1051;1031;
1970;10;1041;998;902;958;1020;965;952;1005;1054;1122;1220;1334;1409;1389;1314;1197;1032;933;855;849;837;868;893;923;912;899;897;893;990;1080;1152
1970;11;1244;1281;1365;1348;1331;1291;1382;1502;1607;1572;1478;1389;1304;1238;1191;1177;1163;1177;1188;1130;1075;1044;984;918;927;965;1007;1018;1009;1072;
1970;12;1109;1122;1163;1152;1133;1114;1101;1117;1133;1119;1133;1152;1144;1096;1022;933;845;797;748;686;628;590;595;588;581;566;564;560;541;566;602
1971;1;588;640;722;722;720;769;816;841;814;799;795;799;797;812;876;797;805;794;795;803;813;777;676;608;520;515;513;463;475;440;437
1971;2;418;424;430;461;430;573;642;573;458;433;425;400;394;377;364;409;422;532;601;564;557;668;852;698;645;478;374;443;;;
1971;3;461;481;529;566;557;668;654;604;694;735;702;789;615;569;573;623;744;902;904;946;1000;1083;1152;1261;1255;1172;1047;904;820;790;801
1971;4;860;967;1072;1090;1022;908;806;729;759;782;735;683;650;615;635;713;669;632;666;718;724;720;640;717;802;756;664;595;681;750;
1971;5;695;739;733;767;797;721;776;780;780;849;810;1007;1025;1026;1093;1186;1281;1331;1289;1217;1158;1117;1138;1152;1177;1232;1244;1212;1166;1130;1072
1971;6;1075;1114;1088;960;908;899;904;950;1003;1036;967;887;899;941;944;956;929;893;931;963;939;862;908;916;841;830;868;927;979;1007;
1971;7;1057;1080;1049;965;1009;1020;1015;1020;1041;977;931;929;849;956;1046;1085;1024;988;1020;956;939;876;816;754;718;731;796;824;870;895;977
1971;8;1026;1057;1064;1024;939;990;1020;1041;1096;1138;1141;1138;1114;1111;1163;1149;1152;1169;1244;1307;1324;1304;1297;1275;1244;1249;1229;1270;1375;1429;1392
1971;9;1375;1409;1457;1436;1368;1304;1223;1175;1096;1062;1007;910;855;904;927;889;914;960;1032;1093;1249;1331;1307;1175;1075;1033;902;818;769;765;
1971;10;839;935;973;1001;1072;1147;1284;1341;1372;1218;1075;963;916;923;918;918;872;891;904;883;881;893;845;767;761;794;794;805;870;944;994
1971;11;1120;1163;1218;1252;1284;1261;1141;1023;973;979;971;935;958;946;925;876;830;935;971;988;973;927;902;794;729;763;782;830;822;767;
1971;12;746;695;649;595;587;541;520;545;527;470;461;442;427;406;412;403;394;436;473;439;395;391;457;566;545;517;538;480;431;445;446
1972;1;395;434;392;522;480;504;479;489;436;515;560;553;567;545;508;580;633;707;706;656;553;508;470;419;397;425;382;364;377;359;344
1972;2;338;355;615;506;467;578;505;650;614;612;1020;1047;917;649;560;498;469;460;433;418;394;374;370;362;358;341;337;332;347;;
1972;3;418;388;349;358;335;332;310;319;298;335;319;319;310;304;293;289;287;277;278;379;578;587;674;573;407;353;412;437;536;419;410
1972;4;416;464;392;373;334;328;305;286;323;388;587;532;611;699;659;520;919;1402;1259;1301;1093;1172;1127;1194;1288;1344;1423;1375;1177;1200;
1972;5;1175;1054;1049;1015;988;849;824;864;952;1008;1051;1161;1252;1300;1317;1365;1457;1541;1516;1454;1527;1945;2285;2220;2000;1755;1590;1513;1454;1454;1447
1972;6;1412;1302;1200;1127;1215;1235;1209;1246;1293;1317;1351;1412;1464;1509;1721;1734;1613;1460;1423;1378;1249;1123;1023;1109;1149;1160;1133;1067;986;851;
1972;7;712;711;666;651;667;749;839;895;1054;1023;996;986;935;874;782;744;767;707;657;659;707;678;630;634;699;739;816;887;874;870;752
1972;8;657;620;566;607;560;511;536;539;534;588;721;806;695;729;726;778;855;806;761;724;878;1025;1177;1194;1246;1293;1287;1206;1096;1064;844
1972;9;984;1019;1133;1114;1002;860;735;761;780;933;973;1013;979;895;853;971;948;839;778;771;799;779;757;753;687;761;917;1036;1093;1118;
1972;10;1063;929;898;942;974;940;904;809;875;979;1007;991;977;1053;1140;1089;979;956;901;831;807;839;873;866;986;1076;1149;1077;1098;1093;1039
1972;11;990;992;999;1006;1130;1189;1101;1141;1246;1238;1172;1127;1162;1095;1007;949;962;924;826;761;735;752;823;825;806;754;733;746;826;892;
1972;12;826;718;657;632;597;607;610;685;724;668;695;641;596;574;541;530;596;613;643;700;738;779;827;881;873;726;608;544;505;482;465
1973;1;455;444;435;429;421;408;397;392;382;384;374;401;403;423;410;369;356;353;347;348;360;346;328;322;318;316;309;307;299;292;333
1973;2;311;295;292;274;265;258;262;262;261;256;248;257;246;247;240;238;234;236;230;226;224;222;221;215;212;206;200;204;;;
1973;3;201;195;194;193;191;193;195;189;184;194;214;191;189;193;222;261;292;287;242;218;206;226;289;303;450;315;242;228;215;208;190
1973;4;184;182;180;181;182;186;234;224;205;176;206;209;201;193;169;162,5;200;257;239;215;314;311;285;340;375;323;353;320;358;316;
1973;5;250;239;279;283;298;362;359;546;744;646;449;378;340;305;361;429;430;525;651;878;850;783;779;731;763;644;571;526;529;476;443
1973;6;385;361;360;367;392;568;574;683;599;499;623;737;705;676;627;677;807;852;865;965;978;931;959;1108;1268;1356;1413;1366;1297;1254;
1973;7;1127;1013;893;849;789;762;807;712;612;609;639;622;580;580;578;615;640;737;710;803;837;843;838;827;811;771;754;733;718;715;711
1973;8;702;757;798;908;858;791;814;915;967;961;887;863;865;782;847;962;1009;1006;1088;1135;1111;1071;1038;1124;1152;1124;1121;1109;1209;1279;1315
1973;9;1355;1468;1567;1684;1738;1681;1561;1447;1345;1252;1183;1145;1196;1305;1381;1379;1371;1385;1416;1463;1481;1454;1423;1440;1360;1265;1252;1279;1283;1203;
1973;10;1095;1013;1024;998;952;945;953;932;918;908;936;954;1058;1115;1102;1102;1064;1024;1063;1052;1041;1103;1143;1143;1137;1160;1198;1142;1103;1069;1018
1973;11;969;865;831;858;838;842;895;1030;1142;1259;1369;1441;1510;1605;1780;1952;2050;2057;2061;2065;2056;1959;1842;1691;1551;1414;1281;1235;1276;1323;
1973;12;1338;1259;1193;1109;1007;959;933;933;948;1001;1072;1143;1138;1119;1078;1004;945;959;939;955;938;993;1035;970;855;770;759;715;738;746;881
1974;1;1025;1059;958;855;794;771;704;654;630;625;642;623;623;633;597;557;601;657;628;594;583;620;592;553;583;562;536;621;580;511;487
1974;2;522;504;479;445;464;461;470;455;457;460;484;525;604;585;604;609;615;622;625;609;573;511;482;451;437;461;505;684;;;
1974;3;657;737;642;578;481;520;499;569;529;582;645;637;568;549;564;587;594;647;629;577;566;558;546;566;570;557;560;577;606;614;596
1974;4;549;575;631;710;643;545;522;502;573;784;755;661;626;667;645;655;623;632;604;547;493;494;636;787;817;788;764;873;879;868;
1974;5;928;994;1019;1064;1105;1054;967;893;834;796;753;745;727;689;725;844;1013;1168;1156;1018;956;1070;1160;1220;1257;1204;1098;988;923;874;903
1974;6;943;1079;1124;1053;947;807;753;709;697;719;670;676;724;758;716;652;727;983;980;882;980;1123;1163;1267;1261;1264;1232;1118;1087;1056;
1974;7;978;928;894;908;879;787;767;878;858;777;790;782;754;753;792;738;702;777;958;1028;1096;1163;1108;1007;929;1009;1097;1077;1049;1123;1176
1974;8;1216;1233;1160;1061;1018;963;894;852;954;1082;1213;1376;1494;1599;1769;1916;1901;1719;1427;1151;963;886;851;841;860;780;810;782;800;789;926
1974;9;1138;1165;1128;1070;1098;1087;1009;901;864;965;1098;1185;1240;1326;1421;1423;1351;1366;1393;1401;1385;1376;1443;1511;1544;1657;1730;1835;2019;2064;
1974;10;2008;1906;1885;1877;1836;1773;1712;1682;1674;1730;1781;1816;1807;1755;1665;1572;1534;1516;1530;1551;1520;1516;1457;1433;1450;1481;1593;1764;2018;2165;2100
1974;11;1960;1828;1756;1689;1794;1877;1930;1926;1859;1833;1836;1841;1841;1845;1837;1809;1751;1720;1652;1590;1547;1525;1536;1554;1576;1614;1631;1607;1551;1399;
1974;12;1399;1454;1488;1450;1303;1145;1035;967;911;855;826;784;749;720;692;676;657;644;630;616;610;604;573;555;541;529;518;508;497;484;481
1975;1;470;464;472;466;460;455;463;463;452;451;431;425;436;428;418;418;422;410;397;392;392;379;380;376;365;362;347;349;353;350;349
1975;2;343;343;325;326;332;343;350;370;391;356;340;305;334;310;305;310;305;310;307;307;305;299;295;298;307;313;338;380;;;
1975;3;391;468;569;559;604;511;431;395;522;391;362;347;350;334;332;319;313;314;427;358;350;337;453;419;429;408;405;355;386;361;314
1975;4;335;417;458;528;453;478;437;362;338;427;401;338;312;303;301;286;291;285;278;340;369;358;368;336;400;443;539;451;475;522;
1975;5;554;503;505;687;676;678;700;658;758;714;740;728;773;776;761;872;900;851;826;738;662;650;645;702;903;945;968;892;829;868;819
1975;6;863;892;896;838;887;1082;1249;1324;1341;1362;1290;1072;909;850;872;955;1062;1098;1040;997;965;962;1005;1052;1025;992;942;927;982;1062;
1975;7;1102;1181;1262;1407;1498;1561;1586;1586;1636;1675;1646;1558;1467;1378;1362;1392;1406;1301;1166;1106;1096;1100;1087;1072;1099;1100;1102;1114;1114;1102;1065
1975;8;1067;1077;1074;1112;1140;1187;1198;1118;1086;1077;1062;1019;975;1032;1144;1237;1296;1323;1387;1459;1566;1717;1857;1882;1863;1856;1451;1293;1299;1299;1239
1975;9;1465;1309;1413;1242;1763;1785;1674;1636;1656;1721;1717;1712;1691;1665;1656;1691;1674;1695;1725;1645;1572;1572;1597;1628;1644;1639;1640;1652;1725;1747;
1975;10;1717;1747;1691;1665;1721;1738;1760;1755;1764;1773;1778;1251;2175;2211;2008;1339;1844;1846;1792;1738;1673;1611;1564;1497;1475;1526;1545;1579;1686;1779;1785
1975;11;1764;1721;1717;1678;1611;1551;1534;1520;1527;1569;1593;1656;1678;1725;1837;1797;1769;2215;2130;1664;1854;1699;1678;1644;1604;1513;1450;1344;1270;1212;
1975;12;1180;1279;1355;1416;1492;1593;1786;1800;1816;1811;1797;1208;1359;1133;1776;1768;1721;1721;1687;1604;1475;1392;1324;1321;1304;1190;1064;1036;1003;967;902
1976;1;770;720;708;681;659;647;629;616;625;600;565;559;546;536;530;530;512;508;508;512;551;581;542;505;498;494;498;490;492;501;502
1976;2;492;476;452;425;418;402;402;402;402;416;426;448;470;419;400;386;383;373;368;361;364;359;361;496;571;459;418;422;443;;
1976;3;480;421;528;521;567;476;485;540;453;394;374;374;366;423;388;366;378;457;420;422;502;428;414;402;380;358;348;340;336;350;353
1976;4;340;320;293;284;304;301;299;336;357;447;428;427;602;625;632;600;516;595;370;389;369;420;470;482;476;471;615;770;874;953;
1976;5;1034;1078;1084;1022;925;845;807;925;925;870;782;726;738;722;754;718;760;655;730;804;764;740;714;748;698;682;792;708;668;647;684
1976;6;692;647;650;793;788;772;694;702;781;1120;1042;1138;1180;1299;1382;1337;1207;1150;1029;930;854;850;797;750;728;724;736;874;880;910;
1976;7;870;793;758;677;667;734;700;680;650;664;688;667;712;780;728;632;626;650;689;728;696;744;818;789;788;1096;1002;944;854;692;638
1976;8;628;679;776;830;772;714;702;612;579;730;668;763;715;661;666;668;666;748;584;682;729;657;632;633;671;765;754;804;815;818;729
1976;9;769;735;707;767;729;784;676;647;581;545;622;557;496;508;627;594;623;581;511;520;562;592;659;744;733;786;754;785;948;994;
1976;10;983;986;1039;1106;1119;1125;1136;1191;1220;1332;1399;1467;1704;1910;1880;1764;1618;1368;1192;1090;1114;995;830;862;816;883;923;918;868;925;994
1976;11;1002;1009;1104;1200;1220;1307;1412;1447;1305;1186;1088;1109;1064;1077;946;950;862;860;916;910;828;786;784;754;706;676;688;654;616;632;
1976;12;637;620;573;622;592;548;515;527;571;671;592;545;499;496;493;588;616;580;580;511;564;567;615;559;497;467;449;452;424;416;403
1977;1;398;373;386;392;374;365;361;346;340;332;326;323;317;319;314;310;302;302;325;347;364;383;349;352;334;305;305;289;296;286;273
1977;2;268;265;261;256;255;251;247;231;255;260;245;247;238;263;238;238;241;246;235;227;218;209;220;211;218;224;223;212;;;
1977;3;189;211;220;214;206;217;237;212;204;195;191;189;195;205;177;169;228;213;165;156;173;166;172;176;172;169;176;183;175;186;254
1977;4;203;187;168;153;148;165;159;175;165;181;168;422;374;249;310;316;334;484;398;352;268;270;362;434;527;401;536;664;833;463;
1977;5;389;443;459;359;395;424;436;418;477;513;598;823;564;525;763;807;754;717;785;652;759;694;788;906;971;1000;996;983;1020;1002;931
1977;6;969;939;925;944;868;853;939;1009;978;1130;1046;979;887;885;925;975;879;846;735;743;851;950;910;856;778;870;856;897;834;931;
1977;7;1059;1090;1064;1062;1020;958;994;1044;1114;1038;1023;921;818;758;780;904;958;918;811;729;737;669;723;645;659;656;742;868;841;716;681
1977;8;771;962;986;895;904;979;1300;1232;1036;1495;1657;1669;1516;1283;1264;1232;1215;1200;1189;1144;1141;1177;1110;923;939;812;769;765;711;746;748
1977;9;769;735;691;683;664;763;757;726;713;742;748;706;777;752;780;792;752;738;722;706;790;763;799;1012;1054;996;1046;1049;1038;1083;
1977;10;1144;1116;1147;1200;1144;1166;1169;1241;1229;1235;1297;1331;1389;1464;1447;1355;1287;1192;1166;1130;1160;1226;1331;1365;1348;1287;1235;1191;1215;1258;1281
1977;11;1281;1235;1314;1399;1423;1478;1551;1665;1691;1661;1644;1648;1699;1730;1712;1652;1614;1534;1471;1385;1436;1049;1041;1310;793;893;899;973;958;843;
1977;12;763;722;690;671;652;633;659;700;674;760;828;795;784;767;740;650;616;553;529;560;527;525;525;538;493;504;492;555;546;510;454
1978;1;434;413;401;401;392;374;371;371;371;406;437;449;391;370;368;358;340;338;335;320;316;314;311;308;347;349;341;349;319;350;367
1978;2;355;344;323;307;289;440;403;401;433;383;344;334;323;347;322;304;281;274;274;270;263;269;274;289;276;264;249;243;;;
1978;3;246;243;259;395;383;386;341;308;332;340;329;350;291;231;214;245;232;228;217;201;198;201;212;226;371;446;361;445;394;418;379
1978;4;416;406;382;440;389;397;449;651;767;741;686;686;662;628;707;826;895;946;962;1249;1267;1338;1419;1278;1252;1341;1378;1355;1314;1372;
1978;5;1378;807;879;872;973;1077;1064;997;889;830;843;828;881;868;843;870;885;828;735;649;627;608;630;633;634;656;718;806;734;765;843
1978;6;807;857;1232;1299;1368;1281;818;986;926;905;921;969;1009;993;1008;1162;1267;1351;1294;1196;1213;1224;1181;1123;1062;968;862;791;822;866;
1978;7;925;932;862;841;802;761;806;875;870;830;886;972;999;1100;1204;1240;1191;1125;1076;1005;925;855;828;905;971;938;922;848;783;751;765
1978;8;787;830;837;833;849;828;802;840;867;937;981;993;941;922;914;840;752;704;679;640;612;573;579;594;548;546;604;655;751;802;832
1978;9;965;1137;1224;1185;1118;1114;1045;938;888;841;897;943;986;974;998;1075;1092;1099;1214;1352;1408;1432;1363;1334;1292;1276;1258;1261;1211;1109;
1978;10;1015;995;1137;1186;1146;1051;966;981;997;948;976;1011;1005;1029;1003;983;981;987;1033;1100;1138;1144;1212;1273;1302;1308;1319;1308;1303;1316;1342
1978;11;1304;1231;1137;1063;1073;1154;1198;1160;1139;1110;1102;1077;1072;1096;1075;1026;1048;1120;1157;1135;1173;1234;1237;1127;1038;1024;965;899;834;775;
1978;12;756;732;772;768;776;810;764;765;842;883;987;999;949;939;881;880;799;721;730;682;653;642;606;580;557;541;529;526;506;485;463
1979;1;485;478;455;455;451;445;434;419;413;416;413;407;401;398;394;391;383;380;376;365;359;350;392;439;386;371;361;374;359;346;350
1979;2;314;308;305;290;275;278;251;269;275;275;275;269;305;353;320;314;295;289;273;274;271;253;256;247;238;246;278;328;;;
1979;3;296;261;250;243;258;270;343;591;657;550;394;329;305;261;255;250;238;230;224;208;235;251;256;255;254;239;239;238;262;231;214
1979;4;219;221;215;245;260;265;299;377;341;322;395;374;292;272;314;424;388;554;443;434;593;557;526;571;579;586;661;827;1124;1210;
1979;5;1162;1071;944;824;774;765;692;607;534;507;508;553;668;601;579;676;675;862;1026;1118;1205;1256;1259;1206;1088;963;891;793;834;920;928
1979;6;919;944;918;896;943;1047;1106;1143;1168;1177;1184;1125;1027;980;1012;1120;1147;1104;992;915;937;957;1034;1086;1055;1001;901;822;783;730;
1979;7;712;752;756;736;864;862;802;721;657;640;628;589;695;791;757;828;850;816;806;747;702;682;692;679;688;680;609;544;531;556;654
1979;8;642;728;868;812;829;743;651;613;581;538;530;518;510;584;762;766;941;1124;1198;1163;1067;817,8;946;897;973;952;920;906;906;914;946
1979;9;967;1028;1072;1028;971;933;904;887;862;797;879;941;895;849;845;806;726;771;803;889;933;939;990;950;942;887;892,6;950;865,9;870,7;
1979;10;1180;1117;1104;1121;1114;1049;1054;1051;1052;1036;1028;1021;991;1001;1048;1152;1169;1211;1277;1306;1338;1377;1404;1455;1510;1606;1702;1740;1827;1887;1915
1979;11;1872;1893;1950;1975;1938;1885;1870;1767;1628;1513;1445;1384;1308;1270;1302;1403;1461;1446;1375;1297;1305;1377;1392;1317;1275;1195;1104;1079;1011;965;
1979;12;1327;1385;1375;1314;1252;1158;1033;1044;992;950;931;876;794;833;992;996;939;923;906;931;881;793;746;933;975;841;742;688;651;632;683
1980;1;673;685;738;797;693;661;611;573;585;545;520;501;489;484;478;478;463;476;479;454;520;481;448;427;562;496;458;437;424;440;449
1980;2;809;642;604;489;590;564;560;485;379;415;395;394;395;386;380;371;365;368;368;385;380;379;358;337;325;316;314;311;313;;
1980;3;311;299;298;293;289;284;281;280;277;278;274;299;317;307;299;292;293;286;301;302;281;269;263;259;259;259;287;288;279;286;430
1980;4;333;283;277;265;255;252;257;329;333;288;284;275;269;265;262;263;253;274;335;310;347;386;689;709;603;544;679;648;551;597;
1980;5;518;506;528;467;425;543;659;685;775;716;677;619;624;675;726;759;729;783;918;894;843;753;757;723;692;704;820;958;952;934;965
1980;6;953;1005;1028;965;933;943;918;860;821;713;789;853;951;1088;1109;953;775;678;621;643;815;806;789;835;801;724;676;640;569;516;
1980;7;532;641;687;803;739;717;673;630;630;598;598;565;554;644;657;658;673;599;605;703;732;662;772;855;936;935;889;976;1069;1041;982
1980;8;988;968;906;829;775;736;851;974;975;921;876;802;787;750;713;719;803;853;851;860;874;883;900;906;817;711;816;742;726;702;666
1980;9;833;639;776;785;773;716;681;680;691;785;819;851;831;786;795;879;844;791;952;1084;1193;1248;1169;1003;865;825;870;819;822;776;
1980;10;884;1013;1085;1195;1294;1303;1304;1366;1370;1384;1415;1409;1319;1219;1119;1171;1195;1215;1235;1271;1364;1444;1399;1249;1085;978;921;890;941;1004;991
1980;11;952;917;1000;1053;1082;1106;1125;1180;1196;1171;1087;976;981;994;1015;1019;995;952;856;783;740;750;773;842;916;949;953;937;953;985;
1980;12;966;934;884;865;857;838;772;731;734;725;714;725;743;760;831;835;796;747;709;666;640;603;577;564;590;676;681;685;720;780;790
1981;1;812;845;797;642;581;539;564;513;499;485;494;466;467;543;510;463;458;452;625;546;448;427;415;418;400;400;392;400;475;458;407
1981;2;386;385;385;374;374;511;407;380;371;382;368;350;358;355;350;341;376;275;281;392;571;445;732;715;688;700;642;511;;;
1981;3;524;479;463;413;379;548;788;847;788;771;786;771;681;581;513;503;492;470;427;407;382;362;380;335;340;322;325;337;320;329;326
1981;4;316;299;320;397;368;361;395;343;428;391;362;350;410;443;538;587;783;786;931;1041;1119;1119;1072;1133;1247;1247;1258;1261;1252;1238;
1981;5;1338;1375;1430;1513;1644;1674;1674;1674;1721;1712;1712;1730;1717;1704;1678;1669;1639;1635;1579;1541;1413;1212;1119;1175;1341;1454;1495;1495;1447;1378;1351
1981;6;1433;1485;1286;1565;1523;1385;1282;1249;1341;1409;1530;1593;1614;1441;1485;1447;1423;1426;1467;1325;1652;1691;1644;1618;1565;1468;1426;1331;1297;1341;
1981;7;1409;1419;1338;1321;1278;1307;1368;1375;1327;1327;1429;1457;1541;1558;1502;1433;1569;1652;1751;1850;1811;1730;1556;1315;1190;1049;941;862;799;790;742
1981;8;758;760;756;790;792;826;897;967;921;853;778;720;765;977;1051;1101;1046;1020;1028;1057;1044;1614;1116;1160;1125;1144;1158;1049;1041;1038;1023
1981;9;1038;1163;1226;1203;1106;1106;1080;1088;1077;1018;1150;1310;1443;1433;1338;1181;1093;873;1144;1150;1144;1090;994;918;895;866;881;876;874;837;
1981;10;;;;;;;;;;;;;;;;;;;;;;;;;;;;;;;
1981;11;1368;1419;1474;1471;1436;1447;1454;1495;1478;1443;1409;1274;1160;1160;1163;1158;1125;1117;1130;1174;1171;1158;1147;1169;1215;1206;1122;1054;1046;1147;
1981;12;1270;1385;1358;1192;1119;1170;1258;1218;1103;994;927;969;984;920;851;816;814;754;697;735;763;742;775;692;640;1009;651;1000;1002;767;910
1982;1;946;1223;1355;1475;1551;1478;1430;1293;1144;994;889;820;805;739;673;679;637;578;562;553;536;524;517;497;496;491;470;461;482;484;487
1982;2;484;464;504;546;553;553;668;599;571;567;504;581;614;698;642;688;729;706;671;685;651;602;541;562;522;510;485;464;;;
1982;3;458;442;504;466;436;409;401;389;379;368;364;367;434;379;458;490;455;403;418;424;433;409;433;510;492;518;458;427;422;427;440
1982;4;475;485;504;496;571;719;782;803;792;866;925;927;927;950;973;950;887;876;931;1028;1031;1015;1028;1332;1057;958;849;876;908;1000;
1982;5;1120;1194;1206;1226;1310;1419;1565;1632;1644;1629;1597;1534;1392;1293;1244;1276;1310;1351;1365;1392;1378;1338;1310;1310;1290;1281;1321;1372;1389;1426;1429
1982;6;1495;1433;1334;1167;1031;1059;1080;1131;1247;1324;1409;1471;1416;1358;1317;1264;1183;1064;998;956;1064;1133;1160;1141;1090;1002;908;858;839;794;
1982;7;717;724;837;866;868;893;891;883;872;849;794;817;979;1172;1267;1258;1104;994;1485;1338;1172;1104;973;897;786;782;889;1015;1169;1238;1249
1982;8;1175;1057;996;1072;1075;998;1046;1127;1223;1270;1186;1054;950;897;851;906;916;891;851;876;902;853;803;797;839;818;790;765;786;798;847
1982;9;883;895;1016;958;1021;1101;1133;1046;1013;990;1139;1264;1392;1544;1695;1760;1583;1433;1264;1189;1105;1119;1093;1054;1077;1038;967;941;1002;988;
1982;10;1088;1186;1241;1273;1284;1261;1176;1114;1070;1075;1166;1200;1165;1212;1160;1130;1141;1044;960;998;1091;1290;1382;1433;1530;1691;1747;2018;1828;1699;1530
1982;11;1372;1267;1206;1166;1171;1149;1111;1171;1158;1049;1067;1136;1128;1103;1004;916;906;881;812;803;927;1015;958;881;788;744;782;738;740;725;
1982;12;685;659;702;676;664;599;573;555;585;667;676;625;627;645;606;552;520;545;674;645;654;633;576;566;543;541;580;625;569;529;499
1983;1;467;440;460;445;424;415;440;430;513;445;455;553;693;539;473;431;412;397;394;395;403;385;374;368;367;337;349;347;335;331;323
1983;2;328;335;341;334;322;316;313;310;322;307;304;296;292;277;274;277;266;270;298;292;280;273;274;305;440;373;322;334;;;
1983;3;370;427;380;346;313;305;308;308;320;317;308;317;307;298;319;328;322;323;316;323;329;329;430;341;332;569;524;532;440;355;308
1983;4;302;305;296;310;326;319;313;388;501;419;391;401;398;534;499;478;639;685;788;728;671;730;728;724;628;638;843;973;990;988;
1983;5;923;910;847;834;832;800;802;920;941;887;860;806;784;744;718;797;824;950;956;939;937;914;918;872;902;908;866;937;1007;1009;1016
1983;6;992;1059;1172;1249;1244;1180;1090;1031;1077;1080;1080;1101;1077;1044;1000;981;1075;1077;1015;774;866;813;715;647;637;625;604;623;590;640;
1983;7;609;628;752;775;756;735;748;668;673;864;927;965;923;839;754;738;729;750;739;752;803;828;887;956;950;784;686;651;659;784;914
1983;8;910;1003;1122;1088;988;994;1025;1206;1324;1389;1309;1062;910;855;794;697;661;739;855;944;927;929;975;1002;1011;998;1051;1080;1141;1122;1070
1983;9;992;918;918;941;925;1017;1169;1183;1099;1051;1070;1098;1057;937;960;1067;1164;1111;1085;1067;1166;1255;1290;1321;1247;1215;1149;1072;1114;1122;
1983;10;1133;1191;1232;1264;1324;1338;1392;1321;1175;1119;1107;1067;1049;992;1104;1209;1172;1057;1020;1098;1152;1101;1169;1169;1111;1109;1101;1136;1241;1288;1304
1983;11;1304;1255;1186;1223;1197;1196;994;931;881;853;847;860;881;918;889;870;847;843;773;674;633;651;651;642;621;625;635;691;652;702;
1983;12;715;746;676;627;668;657;640;674;745;860;845;887;891;881;756;747;900;845;778;841;845;775;680;668;733;659;737;700;659;620;513
1984;1;524;564;529;539;497;473;461;438;552;593;529;512;448;466;442;406;405;414;405;413;499;614;497;428;385;373;349;340;326;325;314
1984;2;310;341;344;383;493;607;773;725;640;637;571;470;398;371;428;383;404;395;356;334;319;344;609;591;576;544;490;438;567;;
1984;3;567;440;492;597;513;552;466;396;409;365;334;321;301;294;288;286;278;271;269;264;259;265;263;262;293;261;248;251;254;251;254
1984;4;270;281;283;285;265;236;247;230;226;220;219;241;328;291;291;316;356;391;311;315;296;259;239;309;358;442;428;481;451;536;
1984;5;636;658;644;546;510;430;431;385;375;394;429;509;639;667;644;708;816;653;797;753;705;637;729;735;653;604;678;788;751;722;759
1984;6;838;1019;1089;1116;1169;1183;1204;1266;1327;1360;1364;1298;1277;1260;1313;1354;1390;1371;1340;1242;1072;925;922;954;1011;1048;1035;986;1035;1083;
1984;7;1181;1266;1225;1114;1011;1056;1228;1336;1324;1277;1263;1251;1275;1260;1272;1324;1352;1383;1316;1316;1346;1351;1364;1362;1348;1301;1225;1128;1046;1008;949
1984;8;965;1013;994;1094;1157;1183;1113;1040;925;827;873;1005;922;917;858;882;701;976;1098;1198;1192;1148;1122;1107;1125;1040;1003;898;933;943;1011
1984;9;;;;;;;;;;;;;;;;;;;;;;;;;;;;;;;
1984;10;992;1070;1119;1113;1086;1086;1062;1080;1207;1263;1295;1263;1201;1213;1301;1322;1390;1415;1415;1409;1407;1388;1434;1434;1449;1494;1539;1486;1449;1430;1445
1984;11;1516;1598;1675;1731;1930;2230;2430;2222;1972;1853;1727;1654;1734;1864;1897;1850;1748;1683;1550;1427;1364;1330;1260;1189;1154;1139;1192;1261;1332;1366;
1984;12;1373;1335;1219;1067;946;864;801;748;709;692;692;735;755;755;675;665;646;701;663;648;669;640;621;640;652;625;591;567;572;528;505
1985;1;484;488;464;456;454;448;474;436;414;402;395;386;375;369;350;350;344;338;339;335;332;327;329;332;329;320;315;314;317;309;299
1985;2;286;283;276;266;265;268;263;260;270;308;320;360;311;306;305;290;280;263;259;260;253;244;240;253;274;256;243;244;;;
1985;3;238;273;253;253;302;286;284;348;327;278;250;269;269;244;225;225;209;208;204;211;216;203;201;189;170;176;183;191;213;310;381
1985;4;374;360;438;494;386;275;259;309;368;324;371;305;284;294;243;225;213;206;201;203;226;269;403;532;544;437;432;508;498;488;
1985;5;548;558;536;468;514;590;520;528;548;701;668;624;658;598;620;620;674;760;734;686;604;510;508;602;602;566;564;480;514;594;552
1985;6;610;784;692;606;658;640;610;616;594;610;646;870;731;698;658;626;540;512;480;500;440;435;362;344;344;410;526;490;438;516;
1985;7;480;408;405;410;434;454;430;440;538;624;700;772;714;696;652;646;688;702;839;844;789;784;825;863;796;818;849;827;839;842;794
1985;8;827;873;830;801;760;822;980;1070;1165;1298;1345;1357;1180;1085;1043;948;880;904;1078;1243;1385;1500;1494;1323;1133;1130;1175;1221;1212;1212;1224
1985;9;1165;1078;1015;1040;1010;953;985;1048;1103;1203;1271;1320;1274;1444;1500;1544;1591;1618;1502;1376;1246;1198;1203;1255;1174;1100;1103;1110;1125;1148;
1985;10;1045;1108;1165;1249;1339;1453;1583;1693;1719;1734;1738;1715;1569;1373;1187;1123;1108;1098;1055;1015;990;968;1008;1045;1088;1150;1202;1268;1271;1339;1419
1985;11;1450;1407;1305;1184;1058;960;1045;1080;1068;1050;1033;963;968;1010;1095;1108;1040;1098;1093;1073;1073;1184;1202;1163;1143;1055;995;988;985;1058;
1985;12;1105;1175;1240;1246;1305;1329;1339;1354;1357;1308;1264;1178;1045;936;839;741;674;634;606;572;540;528;518;502;480;474;458;450;442;440;424
1986;1;435;417;410;412;412;423;388;378;380;395;377;369;377;370;402;446;388;367;375;348;336;331;328;375;473;442;417;531;545;468;407
1986;2;427;405;344;328;410;364;320;306;292;334;338;432;392;388;458;392;420;428;599;540;490;450;390;356;350;418;517;488;;;
1986;3;418;437;483;380;355;355;344;317;298;275;264;286;320;333;328;313;277;347;300;288;280;466;366;305;261;249;238;240;237;350;334
1986;4;490;526;569;605;534;519;481;583;587;903;843;756;688;750;724;674;684;740;625;975;1134;1179;1092;1108;1014;903;823;742;767;856;
1986;5;994;1062;1066;985;994;947;928;924;970;1064;1082;1102;1149;1206;1102;1096;1011;909;842;769;662;765;1060;996;978;909;903;1000;1064;969;924
1986;6;964;1072;1191;1314;1417;1414;1334;1306;1207;1080;1005;1003;1023;1016;930;878;767;690;829;856;777;713;829;858;1005;973;939;916;1072;897;
1986;7;1021;1122;1106;1023;998;985;964;941;897;829;740;693;661;612;522;547;578;658;799;747;676;538;587;555;522;500;442;422;397;400;417
1986;8;388;378;403;433;534;598;481;418;382;342;356;442;529;541;517;483;491;526;746;876;910;833;789;779;688;674;647;614;647;692;750
1986;9;815;891;952;1007;939;799;700;651;578;513;481;526;633;685;631;531;486;486;512;564;679;715;765;744;677;752;787;837;889;844;
1986;10;752;702;756;773;854;893;730;534;947;996;1039;1072;926;1219;1257;1230;1244;1295;1312;1374;1419;1454;1465;1452;1465;1454;1419;1395;1390;1371;1358
1986;11;1339;1227;1128;1130;1140;1070;973;1154;1048;1050;985;931;954;965;976;992;918;854;866;941;1047;1110;985;939;941;889;839;740;709;685;
1986;12;711;605;534;540;566;601;640;708;819;848;817;719;605;596;605;589;569;491;450;430;405;413;475;461;425;367;363;367;361;364;347
1987;1;454;479;455;423;420;433;569;489;464;433;412;404;444;375;394;393;370;363;368;467;415;429;501;488;442;401;365;365;349;333;325
1987;2;325;307;297;307;307;304;294;304;331;406;360;350;370;401;381;393;346;338;326;336;310;291;295;284;276;269;266;263;;;
1987;3;263;260;276;287;261;258;265;268;244;251;241;218;219;212;199;194;201;212;240;286;261;249;246;204;230;255;238;221;199;193;207
1987;4;232;284;295;388;373;341;399;420;585;607;676;584;543;428;383;364;336;310;319;335;370;589;495;538;726;975;1042;1045;1040;1033;
1987;5;948;879;791;719;729;729;729;762;740;740;891;911;808;713;711;838;915;925;868;737;673;746;966;1075;1213;1257;1275;1242;1121;980;1009
1987;6;742;739;695;682;642;753;1006;970;964;998;960;876;775;787;830;782;785;737;733;706;761;696;632;693;770;764;700;669;646;612;
1987;7;620;670;663;674;772;882;906;892;855;817;846;904;904;886;882;854;838;940;1067;1093;1024;1066;1059;1050;1028;978;915;941;954;939;970
1987;8;1020;1165;1330;1392;1437;1482;1530;1463;1403;1340;1255;1198;1130;1116;1006;897;854;856;943;901;846;883;889;848;783;797;868;860;887;876;921
1987;9;954;1099;1176;1198;1176;1238;1296;1226;1178;1156;1110;992;858;957;1070;1039;759;834;836;842;944;1061;1138;1141;1158;1215;1294;1307;1249;1148;
1987;10;1089;1071;1078;1145;1229;1309;1378;1432;1530;1612;1633;1591;1546;1576;1586;1636;1593;1545;1512;1453;1466;1496;1540;1589;1596;1577;1567;1562;1537;1533;1434
1987;11;1321;1290;1319;1368;1367;1390;1425;1520;1588;1604;1478;1351;1265;1253;1194;1157;1167;1107;1052;993;1059;1220;1280;1099;1093;1369;1646;1781;1848;1881;
1987;12;1928;1733;1656;1680;1803;1959;1970;1871;1776;1782;1705;1693;1798;1872;1558;1318;1114;955;829;744;704;625;578;534;493;461;406;412;367;348;342
1988;1;607;598;582;569;553;548;516;489;494;493;479;474;481;481;464;455;477;476;445;442;422;404;404;394;391;386;380;412;386;362;334
1988;2;318;326;331;346;428;437;460;401;383;459;442;647;454;384;352;339;393;386;365;326;320;312;310;307;376;325;433;464;370;;
1988;3;334;315;294;286;287;268;261;254;254;266;265;254;241;216;205;247;238;241;233;244;299;251;240;235;208;218;212;210;224;247;255
1988;4;266;393;667;476;419;479;634;535;560;740;598;658;598;797;891;764;687;612;476;446;401;363;402;393;363;354;477;759;634;647;
1988;5;653;550;622;726;868;854;874;903;883;939;854;789;814;866;921;878;850;781;722;773;785;797;809;820;726;737;786;820;783;795;805
1988;6;926;664;742;729;680;658;620;647;596;636;759;814;889;915;943;952;864;911;960;1006;1147;1189;1176;1149;1171;1178;1196;1045;1281;1202;
1988;7;1103;1026;987;1082;1088;1176;1191;1218;1262;1405;1348;1325;1346;1283;1164;998;950;915;907;917;876;834;822;824;809;789;846;854;787;824;962
1988;8;966;899;948;1009;1046;1024;954;1050;1222;1296;1299;1387;1452;1480;1426;1369;1312;1235;1125;1119;1152;1216;1257;1335;1353;1379;1405;1429;1482;1510;1536
1988;9;1580;1632;1609;1572;1530;1505;1494;1477;1466;1510;1510;1513;1505;1505;1510;1508;1494;1463;1474;1510;1519;1589;1688;1738;1732;1587;1460;1434;1392;1356;
1988;10;1395;1403;1369;1299;1270;1231;1296;1335;1348;1299;1249;1221;1239;1330;1392;1474;1533;1626;1711;1794;1835;1885;1802;1732;1653;1558;1502;1447;1466;1452;1452
1988;11;1480;1741;1867;1843;1694;1887;1464;1379;1356;1377;1400;1421;1480;1505;1527;1544;1586;1597;1676;1782;1849;1885;1867;1858;1846;1811;1770;1659;1569;1564;
1988;12;1552;1626;1580;1541;1547;1502;1447;1366;1338;1348;1283;1189;1110;1158;1169;1167;1097;1057;1035;974;901;891;1004;1002;980;933;956;903;937;919;950
1989;1;955;962;1027;1083;1171;1166;1109;1010;922;834;790;773;764;804;863;800;766;781;796;825;819;827;823;838;792;794;753;689;678;664;629
1989;2;620;616;610;601;601;601;599;607;609;572;548;548;564;569;538;521;525;494;491;486;518;601;577;750;676;724;846;775;;;
1989;3;775;706;658;594;543;664;606;612;570;593;777;867;763;638;586;559;543;545;526;562;664;623;654;658;621;557;535;570;521;627;553
1989;4;560;513;472;467;469;535;636;643;560;504;576;526;496;442;567;489;442;422;412;422;464;482;595;609;794;695;651;700;640;722;
1989;5;779;740;737;744;689;761;850;853;915;990;1000;1134;1136;1101;1115;1059;953;867;777;813;753;676;695;985;1165;1372;1444;1498;1485;1431;1345
1989;6;1181;1103;1154;1152;1065;957;1111;1209;1292;1188;1191;1160;1195;1204;1175;1071;957;872;911;1002;1105;1079;1126;1166;1109;1071;1109;1162;1107;1047;
1989;7;1010;1099;1122;1061;1025;1049;1142;1239;1271;1209;1115;1016;953;901;848;794;729;687;720;796;936;1063;1204;1372;1428;1454;1455;1434;1394;1306;1216
1989;8;1130;1126;1154;1089;1035;926;998;988;888;867;992;1051;1053;1079;1179;1232;1179;1184;1138;1091;1097;1033;982;1109;1150;1140;1119;1124;1198;1273;1308
1989;9;1372;1406;1441;1480;1492;1464;1416;1306;1264;1349;1379;1333;1292;1347;1363;1336;1276;1280;1322;1384;1436;1569;1686;1679;1558;1471;1425;1419;1402;1384;
1989;10;1257;1278;1333;1336;1363;1405;1368;1384;1417;1424;1439;1444;1449;1444;1442;1449;1424;1379;1382;1313;1310;1269;1297;1322;1363;1406;1402;1423;1414;1417;1417
1989;11;1439;1471;1540;1498;1491;1442;1317;1223;1186;1144;1136;1117;1087;988;876;768;880;915;976;1053;1014;1037;980;1045;1233;1338;1303;1148;1039;1051;
1989;12;1004;1103;1171;1165;1296;1441;1465;1488;1434;1310;1264;1211;1091;1193;895;848;806;772;748;726;702;680;667;680;696;882;998;941;871;739;695
1990;1;611;573;627;598;582;564;562;577;607;625;575;541;553;588;544;522;503;501;468;487;468;477;528;469;442;450;557;482;453;447;434
1990;2;410;400;400;407;515;758;809;838;676;559;500;453;415;394;448;405;397;391;383;413;428;397;392;372;354;348;343;335;;;
1990;3;330;341;338;343;335;336;338;351;334;351;344;331;313;337;338;347;336;348;455;420;388;508;483;488;584;520;614;566;480;435;406
1990;4;389;380;391;395;395;397;415;438;418;411;381;388;433;425;428;455;494;528;578;581;534;633;734;678;708;718;795;763;770;776;
1990;5;793;913;992;1046;1118;1126;1106;1071;1183;1236;1244;1179;1078;1069;1106;1029;910;854;823;818;789;738;709;677;784;941;990;1017;1070;1219;1245
1990;6;1110;1095;1013;921;873;927;884;816;792;907;1090;1181;1157;1179;1250;1325;1368;1369;1199;1126;1040;908;823;875;985;940;938;919;890;816;
1990;7;833;854;861;842;813;930;1003;989;955;989;977;949;1013;1022;1042;1155;1319;1427;1450;1389;1227;1074;975;882;938;900;947;862;788;704;757
1990;8;756;661;653;655;646;645;645;664;774;834;868;806;733;819;1037;1066;1035;947;917;869;795;729;674;657;647;655;785;894;921;911;976
1990;9;975;998;1010;1183;1177;1102;1097;1104;1142;1242;1291;1242;1158;1172;1196;1136;996;882;884;948;898;979;1046;999;949;891;805;863;1006;918;
1990;10;858;918;1037;1129;1101;1182;1188;1199;1266;1344;1377;1374;1354;1385;1387;1347;1295;1299;1250;1132;1080;1173;1303;1355;1337;1332;1370;1385;1398;1385;1418
1990;11;1427;1445;1452;1452;1441;1443;1434;1503;1494;1448;1429;1352;1184;1090;1001;1097;1067;1076;1193;1200;1181;1139;1152;1102;1053;989;980;1019;1063;1224;
1990;12;1301;1215;1132;1148;1342;1519;1672;1682;1675;1617;1546;1418;1256;1035;1164;872;809;773;712;719;678;640;607;600;586;568;593;650;777;669;669
1991;1;725;684;613;523;506;509;587;526;494;467;441;432;432;413;404;393;423;383;372;360;350;339;338;329;329;326;311;320;291;303;296
1991;2;291;288;281;275;275;278;279;273;266;259;251;269;288;313;274;261;272;273;262;251;243;240;240;333;278;318;390;279;;;
1991;3;264;354;447;419;377;467;422;387;339;378;435;693;759;608;554;419;356;329;300;285;279;278;260;252;247;240;231;302;316;318;313
1991;4;292;282;261;249;246;247;244;244;282;332;350;405;363;479;554;496;471;447;458;562;522;553;477;535;554;425;477;465;528;609;
1991;5;609;611;547;558;769;831;827;947;754;633;633;604;714;691;816;892;1041;1155;1181;1127;1093;1083;1034;1072;1159;1107;991;951;869;802;802
1991;6;848;842;791;754;702;707;749;783;745;648;575;556;518;501;530;560;657;681;799;793;782;754;780;761;725;714;808;828;825;917;
1991;7;861;768;678;610;740;890;961;1094;1068;1009;926;875;794;770;797;748;700;791;835;793;794;924;901;801;737;673;624;613;624;693;827
1991;8;1014;1151;1210;1133;1024;1032;1054;1030;1017;1055;1022;955;855;746;670;618;592;590;625;625;629;676;628;603;589;585;583;521;519;578;532
1991;9;511;542;597;564;546;522;503;659;603;544;643;781;682;581;556;564;605;746;783;766;766;833;822;741;699;801;806;767;790;833;
1991;10;816;778;738;739;868;888;865;852;859;1010;1092;1108;1061;1011;937;934;905;923;970;1086;1048;919;827;757;703;642;648;625;726;720;787
1991;11;839;845;914;978;995;950;921;891;984;1168;1327;1441;1503;1407;1301;1206;1074;988;906;847;822;875;942;957;1020;1143;1235;1270;1319;1399;
1991;12;1475;1435;1325;1229;1156;1078;1029;942;847;793;773;727;663;613;601;589;604;631;610;590;570;552;531;515;501;491;480;471;465;459;453
1992;1;453;449;438;432;431;445;504;484;442;425;426;423;410;401;393;387;384;381;375;368;360;354;351;350;348;347;345;341;335;332;330
1992;2;329;327;326;322;320;317;314;313;312;314;314;313;309;305;303;299;296;295;292;290;287;290;292;298;299;290;287;286;281;;
1992;3;277;273;278;325;321;297;278;270;265;261;258;255;252;253;256;257;256;253;248;243;242;239;234;231;230;134;142;132;132;148;154
1992;4;157;168;183;176;162;158;154;142;164;132;161;203;207;225;236;285;275;295;320;368;313;375;393;326;295;261;255;292;347;380;
1992;5;404;416;432;449;461;450;493;534;497;434;465;509;577;661;697;741;801;792;630;745;884;983;1059;1123;1023;851;906;923;913;829;781
1992;6;820;885;923;931;859;768;668;592;528;512;594;642;718;565;547;575;621;528;465;615;528;651;550;499;587;640;668;706;689;655;
1992;7;653;594;571;541;496;677;598;687;776;823;849;881;1029;1116;999;1201;1133;1011;948;794;646;613;564;647;716;741;792;831;898;948;787
1992;8;1006;1052;1114;1140;1231;1322;1114;1083;1229;1181;1135;1062;1032;981;940;794;787;737;646;583;573;496;453;534;401;377;356;341;623;539;628
1992;9;509;541;649;716;632;602;541;626;557;726;868;814;853;827;801;774;805;753;727;699;770;816;892;940;1016;1126;1150;1174;1094;1029;
1992;10;974;881;850;798;755;876;976;938;937;880;943;891;869;794;729;686;656;652;674;788;818;836;829;768;765;901;958;831;753;760;819
1992;11;684;614;551;576;592;611;622;642;652;674;695;697;709;721;728;730;706;677;677;711;749;708;597;647;718;793;872;902;887;935;
1992;12;970;985;1001;1005;1025;1039;979;902;798;731;710;754;705;666;637;633;725;682;611;563;531;510;498;486;476;461;622;440;432;441;542
1993;1;458;419;396;412;471;568;498;510;480;461;449;424;409;359;316;337;341;520;472;420;394;392;377;360;345;334;327;371;424;417;369
1993;2;344;333;329;326;325;317;315;316;317;315;311;306;306;303;299;291;284;280;278;273;275;274;270;273;310;314;285;274;;;
1993;3;266;268;262;252;246;247;246;283;292;307;310;327;347;379;410;423;311;349;377;446;516;590;732;784;526;434;363;323;294;286;284
1993;4;361;406;447;478;506;532;541;581;655;654;661;676;689;699;735;742;759;770;790;834;868;876;881;868;780;857;870;884;905;927;
1993;5;953;913;889;906;921;938;949;962;981;996;1014;1016;1026;1030;999;1010;871;830;838;850;855;863;868;892;913;924;927;905;887;878;863
1993;6;838;825;794;777;772;753;584;470;494;501;535;541;532;514;513;495;494;544;547;621;677;647;611;669;705;710;683;656;659;615;
1993;7;610;751;835;834;808;869;856;774;734;722;802;870;872;788;752;697;668;638;594;577;643;628;590;608;601;640;824;944;942;923;887
1993;8;878;849;809;793;766;754;738;756;791;822;865;900;908;922;967;962;922;863;833;780;753;716;702;759;793;804;796;918;929;873;804
1993;9;852;862;874;894;916;941;1023;1095;1143;1161;1172;1182;1189;1158;1148;1169;1195;1206;1217;1204;1165;1137;1111;1087;1061;1016;1019;974;932;921;
1993;10;890;871;817;778;753;734;724;748;770;830;941;1003;1061;1047;1010;981;941;953;953;973;956;924;895;841;907;939;937;934;941;1013;1051
1993;11;1014;960;977;1016;989;916;876;881;863;857;893;947;952;955;938;912;896;860;826;814;909;977;1008;1016;985;1000;1007;1007;1041;1093;
1993;12;1134;1150;1234;1266;1293;1301;1237;1135;1014;913;870;865;835;862;871;908;942;975;1017;1065;1062;959;855;775;723;685;652;626;603;577;540
1994;1;581;568;523;501;501;491;469;400;308;350;432;380;434;400;349;340;340;380;400;343;353;317;331;365;371;365;363;361;357;351;301
1994;2;307;361;358;374;364;357;352;343;335;329;321;321;343;337;320;317;329;335;341;311;362;365;359;346;337;331;332;377;;;
1994;3;350;417;345;345;334;321;305;313;322;328;319;312;307;301;294;293;306;302;325;356;395;453;516;421;350;346;318;349;387;346;311
1994;4;358;415;438;541;519;487;458;535;500;479;448;411;447;516;584;609;634;595;556;530;540;575;511;488;488;582;587;658;770;908;
1994;5;905;854;812;801;756;788;844;879;919;847;793;761;716;658;596;582;567;588;648;716;658;633;687;838;874;849;847;794;778;761;740
1994;6;719;766;783;820;882;957;1008;1028;1021;987;974;965;908;906;895;879;871;863;849;825;802;801;798;764;726;705;693;726;744;799;
1994;7;830;826;822;866;952;996;1051;1066;1064;971;865;775;707;655;612;556;538;537;579;546;593;685;653;632;612;642;655;602;584;597;578
1994;8;548;534;607;687;626;676;817;866;915;884;841;835;817;865;901;965;1015;991;937;921;906;880;891;933;952;1003;1018;974;889;848;895
1994;9;940;982;1012;989;968;926;874;855;825;831;823;810;802;789;738;710;768;730;716;717;719;713;761;807;895;941;928;932;994;1028;
1994;10;985;906;822;767;780;953;951;971;992;1047;1121;1173;1202;1225;1248;1248;1229;1213;1177;1156;1137;1141;1135;1114;1036;1006;1023;1029;1067;1150;1206
1994;11;1247;1279;1221;1221;1115;915;921;795;830;763;726;708;742;732;697;671;657;627;608;602;582;558;554;545;573;652;606;559;538;534;
1994;12;548;519;512;508;501;487;481;472;462;460;457;453;448;442;436;431;426;424;421;418;418;415;412;411;428;448;476;470;439;425;421
1995;1;474;470;466;462;456;453;448;447;445;440;436;432;431;430;429;429;426;422;420;419;416;414;410;389;375;380;393;415;403;392;388
1995;2;387;385;385;385;386;385;383;383;381;369;356;350;348;349;347;331;330;339;343;332;326;321;317;335;332;327;324;322;;;
1995;3;342;351;357;363;362;355;348;336;333;329;331;331;350;363;363;379;394;402;406;419;411;404;393;378;377;369;359;351;336;336;324
1995;4;324;341;360;367;380;397;402;416;441;498;536;569;599;600;590;582;561;513;475;470;471;577;624;521;470;573;708;733;740;720;
1995;5;604;574;572;569;617;586;648;700;640;606;577;571;551;571;714;821;843;854;854;894;893;807;723;694;673;695;705;685;735;773;862
1995;6;825;760;759;795;872;853;838;805;797;851;802;774;771;847;826;805;804;861;951;959;898;887;908;936;904;841;788;767;788;823;
1995;7;944;1048;1053;983;911;990;1117;1187;1195;1131;1034;936;890;944;912;916;1025;1102;1196;1212;1184;1231;1332;1401;1392;1429;1412;1386;1354;1298;1269
1995;8;1240;1240;1242;1241;1258;1277;1257;1170;1086;1080;1074;1127;1180;1170;1132;1134;1120;1079;1055;1121;1176;1206;1218;1171;1160;1161;1170;1206;1239;1263;1238
1995;9;1196;1158;1076;991;924;879;850;837;846;891;947;996;978;980;1026;1028;975;912;891;883;954;951;932;927;929;898;914;877;811;859;
1995;10;922;899;832;786;760;779;797;821;839;954;992;1027;966;1080;1115;950;1094;1236;1075;1065;1197;1205;1434;1483;1537;1437;1466;1355;1392;1362;1316
1995;11;1266;1236;1206;1178;1154;1130;1115;1110;1130;1093;1079;1047;1069;1069;1102;1178;1137;1141;1095;1086;1009;991;967;922;808;839;858;837;833;857;
1995;12;774;710;705;742;812;875;912;821;700;846;858;890;888;860;839;808;785;776;780;664;724;761;797;882;893;895;875;853;715;700;689
1996;1;771;766;756;752;721;697;689;681;626;611;574;549;496;556;581;600;620;644;627;621;611;596;587;575;569;549;499;494;536;559;581
1996;2;595;603;620;632;656;686;573;596;709;797;711;642;659;698;684;628;601;798;854;845;750;647;624;600;569;565;556;620;653;;
1996;3;776;943;952;899;855;855;885;916;889;819;776;907;1045;1115;1153;1148;1025;1047;964;892;840;817;880;860;796;757;808;844;757;723;723
1996;4;705;668;652;687;707;767;823;752;726;706;731;757;806;823;746;713;683;644;618;601;587;578;611;654;713;733;700;701;838;921;
1996;5;936;1029;1088;1055;956;870;819;875;1027;1154;1172;1094;1039;1070;1125;1130;1113;1104;1083;1101;1142;1108;1071;1070;1098;1102;1179;1222;1252;1275;1300
1996;6;1318;1328;1348;1312;1328;1353;1371;1348;1259;1146;1031;983;916;896;899;974;1097;1170;1197;1256;1307;1348;1348;1284;1197;1165;1231;1318;1378;1410;
1996;7;1474;1531;1539;1623;1703;1731;1767;1729;1693;1670;1600;1515;1461;1402;1318;1263;1203;1121;1039;978;999;1072;1039;964;886;905;985;1025;1051;1041;974
1996;8;922;905;918;969;1013;1139;1263;1362;1437;1477;1437;1418;1348;1259;1192;1199;1199;1249;1328;1420;1477;1493;1534;1483;1447;1472;1461;1358;1298;1240;1190
1996;9;1174;1268;1330;1410;1431;1394;1344;1249;1165;1104;1043;991;948;899;888;899;910;922;920;970;1017;1101;1086;1051;1097;1152;1174;1213;1249;1293;
1996;10;1318;1355;1447;1518;1461;1413;1360;1307;1254;1197;1152;1076;1033;1013;1082;1163;1217;1254;1282;1298;1339;1429;1477;1429;1346;1231;1119;1139;1190;1243;1300
1996;11;1362;1442;1496;1392;1312;1240;1203;1172;1119;1059;1013;999;1063;1095;1145;1174;1206;1229;1190;1170;1148;1117;1095;1102;1011;985;966;945;926;881;
1996;12;893;929;956;960;993;1007;995;941;939;903;881;817;844;869;891;966;991;993;971;960;867;914;918;907;893;878;873;858;848;839;828
1997;1;760;781;798;826;848;870;864;835;796;758;741;729;693;690;679;663;654;646;657;643;621;614;606;592;636;668;675;664;607;527;448
1997;2;407;393;382;375;375;397;433;447;474;500;518;500;593;902;833;951;710;652;580;484;430;460;476;463;473;474;487;478;;;
1997;3;463;446;431;415;406;400;395;391;387;380;381;394;394;397;390;376;363;403;501;586;505;459;420;392;377;372;370;366;358;353;354
1997;4;353;353;353;348;352;363;364;385;391;378;377;407;407;382;367;356;361;384;396;436;543;692;794;745;641;622;551;539;541;434;
1997;5;378;377;393;408;434;456;476;493;501;511;523;541;554;559;563;519;518;488;456;400;378;373;454;389;409;535;550;563;575;593;824
1997;6;604;625;645;657;672;688;569;752;783;802;818;837;899;952;1006;1039;991;967;941;918;870;855;837;815;798;790;777;764;756;702;
1997;7;614;545;508;470;450;436;452;468;456;439;453;445;423;410;412;403;406;427;427;423;414;404;403;389;367;361;353;347;336;338;336
1997;8;345;380;422;407;402;391;358;344;366;389;383;506;627;691;716;684;636;592;611;637;614;569;586;602;616;627;641;675;716;690;673
1997;9;650;628;654;672;657;628;598;618;675;685;716;647;643;637;585;605;564;500;482;537;642;632;760;840;960;1001;984;860;740;869;
1997;10;833;718;686;771;788;791;821;715;655;610;590;769;887;959;1090;1163;1085;1058;995;954;869;874;952;987;849;720;678;654;652;656;640
1997;11;602;580;570;547;631;656;737;766;914;1099;1125;1053;986;971;1083;1253;1325;1214;1102;1090;1110;1168;1045;917;854;926;854;744;657;619;
1997;12;624;673;735;701;635;601;576;564;539;525;534;526;510;494;481;481;479;460;453;460;445;434;428;424;412;412;402;393;389;385;392
1998;1;413;393;385;385;377;368;370;371;373;374;372;365;371;372;363;360;345;300;265;254;246;238;253;265;262;260;267;278;276;264;285
1998;2;327;362;416;465;488;526;580;618;646;1107;930;712;487;440;398;341;336;330;327;320;300;281;264;253;320;241;242;253;;;
1998;3;272;284;295;303;312;320;325;315;390;380;334;330;325;320;315;315;310;290;254;238;242;241;246;314;439;355;283;267;327;343;356
1998;4;357;323;277;272;271;278;299;281;319;317;331;359;366;431;497;471;575;475;465;497;488;451;491;571;581;617;586;565;480;463;
1998;5;456;487;669;945;1045;1156;1243;1271;1281;1301;1251;1150;1180;1176;991;843;768;755;717;666;603;560;601;650;606;625;688;794;925;944;876
1998;6;825;908;871;782;738;702;717;797;914;959;911;842;868;764;695;701;760;782;738;716;884;1037;1110;1149;1120;981;911;857;826;770;
1998;7;708;677;693;758;862;970;1133;1255;1269;1223;1389;1462;1406;1286;1184;1081;1107;1199;1293;1346;1266;1298;1376;1201;996;1011;1261;1343;1307;1266;1226
1998;8;1179;1056;809;769;720;717;777;815;815;787;716;654;609;604;574;603;677;818;901;975;1006;1063;1075;1124;1046;1006;970;1046;1115;1075;1078
1998;9;1084;1078;1110;1133;1089;1055;1024;975;1038;1075;1147;1176;1207;1242;1277;1346;1288;1212;1173;1142;1072;1044;1017;1004;975;1004;1055;1084;900;1081;
1998;10;1215;1171;1142;1107;1055;1004;1009;906;954;1066;1104;1121;1052;1004;936;911;988;1009;923;862;807;762;741;720;835;870;818;875;888;944;998
1998;11;948;918;878;878;837;830;967;1025;992;958;988;1027;1123;1058;1003;1044;1001;995;1102;1166;1224;1250;1210;1185;1126;1027;1009;905;844;814;
1998;12;833;903;983;1015;1084;1145;1159;1201;1261;1301;1333;1343;1312;1245;1180;1154;1113;1060;1023;968;913;877;837;779;732;707;715;771;833;844;885
1999;1;887;839;825;902;940;1023;964;869;780;763;836;852;836;767;714;690;667;634;609;596;590;585;604;662;697;651;598;584;574;563;555
1999;2;545;536;534;538;526;533;568;543;539;570;732;712;673;700;691;727;839;810;809;796;852;900;984;1078;1060;1038;1053;1069;;;
1999;3;1064;1041;1021;987;960;895;833;767;708;671;694;652;629;631;729;890;912;823;780;741;698;683;713;666;628;607;642;746;722;684;645
1999;4;614;600;605;656;833;838;927;1075;1220;1289;1262;1250;1224;1226;1287;1257;1177;1014;920;885;879;832;797;857;911;1051;1138;1228;1299;1322;
1999;5;1345;1389;1379;1414;1426;1477;1450;1366;1320;1346;1337;1297;1325;1389;1416;1409;1386;1331;1247;1222;1238;1253;1214;1225;1234;1218;1133;1014;949;1043;1188
1999;6;1247;1264;1225;1258;1246;1277;1239;1186;1173;1153;1117;1135;1220;1303;1322;1402;1418;1437;1449;1486;1537;1547;1588;1625;1607;1593;1606;1612;1612;1643;
1999;7;1688;1704;1693;1670;1678;1733;1768;1757;1768;1710;1622;1531;1445;1389;1353;1366;1356;1353;1353;1379;1373;1345;1251;1213;1206;1115;1020;1029;1070;1071;1063
1999;8;1055;1054;1042;1053;1094;1061;1084;1017;949;970;941;898;919;1115;1328;1531;1761;1794;1669;1518;1385;1360;1298;1186;1150;1153;1104;1049;1004;1013;1101
1999;9;1132;1127;1103;1197;1289;1274;1241;1156;1171;1172;1064;1061;1161;1265;1315;1383;1389;1393;1367;1313;1198;1218;1326;1429;1555;1607;1700;1691;1637;1618;
1999;10;1634;1635;1590;1574;1474;1383;1316;1252;1193;1159;1155;1156;1264;1317;1301;1326;1412;1478;1500;1478;1432;1411;1403;1412;1492;1724;1905;1976;1954;1856;1733
1999;11;1609;1522;1500;1483;1403;1338;1287;1229;1196;1153;1105;1113;1130;1136;1142;1184;1212;1220;1207;1217;1209;1144;1084;1030;1075;1118;1121;1053;975;915;
1999;12;970;1027;1098;1142;1179;1204;1231;1199;1118;1041;996;991;1121;1173;1162;1092;1159;1212;1376;1403;1346;1156;1042;949;864;895;922;853;779;802;829
2000;1;737;704;743;818;908;911;833;811;831;771;691;616;593;580;565;550;532;522;510;490;486;500;516;529;524;511;504;496;484;481;474
2000;2;468;490;527;568;553;520;502;493;482;469;458;450;432;420;417;418;400;400;439;399;400;435;410;507;475;510;510;616;754;;
2000;3;779;904;766;710;681;731;592;700;724;668;625;569;562;554;541;520;412;501;404;429;456;441;433;396;400;410;458;427;429;417;502
2000;4;486;469;400;400;422;499;460;427;506;551;428;451;424;484;652;512;422;400;623;531;661;654;822;766;906;1007;877;798;737;815;
2000;5;785;695;762;807;868;706;654;903;915;1022;853;822;985;941;1041;1063;975;1089;1107;859;835;775;737;684;652;677;745;965;1072;1055;1162
2000;6;1086;957;1199;1439;1429;1399;1449;1363;1271;1217;1159;1142;1104;952;1011;796;769;957;890;1142;1255;1280;931;910;915;918;1461;1547;1516;1491;
2000;7;1350;1263;1204;1162;1063;962;980;1024;1078;1124;1171;1165;1127;1095;1060;1040;1006;983;1072;1187;1266;1236;1187;1107;1027;1047;1159;1269;1315;1360;1566
2000;8;1637;1678;1694;1501;1510;1569;1590;1590;1575;1455;1349;1242;1115;998;957;926;952;1047;1081;988;897;814;779;848;916;1052;1130;1258;1416;1544;1575
2000;9;1643;1647;1594;1538;1494;1494;1494;1406;1366;1135;1374;1566;1572;1597;1452;1475;1419;1340;1290;1315;1363;1379;1313;1346;1452;1522;1501;1559;1541;1628;
2000;10;1678;1618;1566;1532;1578;1606;1572;1468;1386;1316;1271;1239;1199;1215;1193;1168;1159;1150;1201;1193;1124;1075;1046;1104;1171;1220;1277;1301;1285;1277;1325
2000;11;1379;1366;1422;1484;1569;1516;1308;1156;1063;1046;967;1038;1081;978;892;818;807;923;901;881;939;848;779;743;785;866;965;862;807;844;
2000;12;800;866;970;1041;1101;1150;1242;1200;972;820;716;695;645;584;569;587;569;544;542;545;592;566;539;522;606;792;812;983;859;729;679
2001;1;616;553;527;608;586;527;480;460;468;506;535;500;469;432;424;410;418;417;427;468;496;468;462;562;512;460;428;414;402;380;384
2001;2;372;369;364;353;361;366;368;368;401;444;422;372;368;356;354;354;350;345;341;304;315;304;296;287;275;278;346;312;;;
2001;3;271;301;296;283;282;297;420;492;459;373;388;417;350;301;305;288;268;273;274;295;302;347;401;441;492;524;580;598;424;432;364
2001;4;370;353;346;340;329;344;376;421;454;448;418;353;487;489;477;496;456;686;648;577;526;463;448;428;456;466;480;459;464;478;
2001;5;490;499;504;526;540;484;446;423;454;482;520;584;641;769;826;928;906;877;835;831;886;923;957;975;857;801;773;752;716;773;815
2001;6;779;792;824;842;848;855;873;884;908;928;926;1001;972;915;906;884;864;833;815;775;748;677;639;548;516;510;512;488;472;468;
2001;7;495;504;514;525;538;553;577;618;639;673;756;790;859;1139;840;842;803;716;721;904;970;1017;1049;1084;1118;1113;599;557;529;484;480
2001;8;501;539;592;578;563;542;519;496;492;444;476;510;542;581;625;610;565;526;504;489;486;521;636;557;568;590;574;560;678;813;591
2001;9;501;541;627;791;939;1069;1147;1217;1170;1036;928;921;1038;993;931;805;724;652;760;708;745;794;840;899;946;886;837;807;775;756;
2001;10;803;895;842;857;957;949;877;904;985;1075;1017;933;952;1006;1084;1139;1196;1250;1244;1242;1261;1285;1315;1277;1746;1303;1014;1098;1044;975;1142
2001;11;1226;1261;1247;1189;1028;967;1075;1133;1156;1089;1136;1171;1182;1212;1258;1271;1209;1176;1226;1285;1383;1475;1445;1266;1199;1215;1255;1290;1280;1156;
2001;12;849;864;815;794;779;720;655;666;721;851;903;902;805;764;758;809;901;910;939;868;793;914;903;875;787;909;1050;1206;1217;1084;988
2002;1;901;820;679;628;598;590;593;590;598;547;513;498;476;447;453;487;440;422;411;404;385;422;427;396;445;424;387;375;415;401;462
2002;2;446;415;394;392;448;498;466;436;429;451;373;365;372;360;354;364;344;296;298;324;344;342;328;344;329;339;335;323;;;
2002;3;315;297;275;263;256;261;290;292;276;256;250;258;271;284;295;314;369;342;331;365;397;427;457;415;368;355;342;434;510;599;503
2002;4;366;404;420;429;397;405;506;645;716;790;762;686;571;493;460;492;397;432;475;478;468;501;492;599;870;1155;1247;1159;1101;936;
2002;5;887;834;821;763;829;714;582;565;524;511;538;554;500;489;486;504;615;609;741;822;742;752;881;865;870;836;830;902;960;1106;1143
2002;6;1084;1003;1104;1214;1276;1321;1370;1451;1516;1558;1565;1561;1577;1612;1629;1566;1479;1368;1312;1153;990;892;800;726;685;668;644;600;586;581;
2002;7;553;524;502;510;558;661;653;586;550;550;546;553;544;526;512;547;587;587;634;483;826;775;672;645;596;566;534;568;589;587;542
2002;8;559;510;498;478;469;511;571;589;574;523;489;486;471;456;446;416;395;396;424;404;496;548;733;769;648;649;760;748;743;783;739
2002;9;870;965;1060;970;905;792;686;641;577;565;688;645;672;641;559;526;529;566;628;565;686;678;583;583;551;524;533;618;893;840;
2002;10;694;566;501;471;427;398;504;608;510;457;476;447;510;459;470;514;533;674;707;645;699;682;599;641;829;907;823;998;1107;1250;1309
2002;11;1383;1412;1416;1324;1247;1250;1298;1261;1277;1173;991;921;926;906;903;868;798;733;731;800;701;666;686;760;646;586;551;544;654;563;
2002;12;565;590;581;526;529;525;532;476;459;451;432;415;439;456;426;577;571;706;710;707;848;831;644;478;444;521;478;451;453;465;465
2003;1;464;345;325;301;373;350;360;378;405;430;475;438;372;316;339;314;365;382;345;324;367;369;320;279;288;348;304;273;286;294;330
2003;2;298;292;280;254;255;246;247;293;392;434;401;317;357;402;318;271;266;262;300;326;336;310;246;229;227;246;270;268;;;
2003;3;260;255;293;336;350;294;253;248;234;265;268;233;225;257;267;269;320;280;279;287;355;329;323;267;238;249;241;246;320;306;284
2003;4;319;303;263;266;293;310;318;263;280;409;362;652;518;681;562;584;607;953;788;655;566;612;628;879;870;801;766;845;972;908;
2003;5;716;546;531;641;722;639;580;535;518;675;811;935;1092;1110;946;840;805;879;942;1139;1110;946;814;801;988;1011;962;901;844;882;975
2003;6;957;909;967;1206;1386;1342;1332;1212;983;873;844;925;1033;1075;1176;1190;1089;1136;1212;1269;1182;1118;1035;1086;1118;1084;1027;1063;1004;893;
2003;7;922;1032;965;866;999;1098;1121;1041;1014;1084;1147;1118;1162;1199;1084;934;807;752;733;714;641;598;462;422;816;911;1062;1142;1044;996;1060
2003;8;1081;1244;1452;1569;1847;1930;1768;1603;1506;1277;1055;988;897;929;1107;1001;957;1027;1089;1009;949;924;1101;1188;1234;1150;1095;1168;1190;1239;1209
2003;9;1176;1101;1004;915;877;859;785;818;855;857;811;783;831;818;803;870;949;926;873;848;813;844;945;1153;1253;1304;1383;1462;1538;1572;
2003;10;1538;1469;1123;980;1066;1156;1144;1139;1107;1052;1040;1084;1078;1033;1057;1107;1168;1121;1060;1183;1307;1353;1462;1497;1449;1328;1313;1452;1504;1494;1482
2003;11;1445;1472;1532;1578;1609;1606;1563;1494;1439;1412;1376;1346;1307;1393;1581;1730;1720;1603;1367;1198;1121;1196;1470;1086;1193;1231;1139;1033;1066;1196;
2003;12;1234;1261;1379;1497;1618;1621;1675;1682;1625;1516;1516;1373;1217;1168;1133;1150;1081;1027;972;906;857;911;998;1044;892;716;792;837;855;798;716
2004;1;666;614;581;550;514;470;440;494;537;591;595;568;596;528;482;512;501;456;444;447;451;442;484;516;471;451;477;382;374;370;365
2004;2;403;433;430;416;451;434;395;359;326;313;336;362;393;421;405;388;354;323;316;310;308;304;304;319;284;269;345;370;358;;
2004;3;375;434;404;390;343;373;426;432;336;292;283;366;398;417;389;366;310;358;379;310;381;252;279;316;344;360;341;309;278;257;292
2004;4;326;344;361;355;394;409;389;376;347;332;392;464;358;371;513;598;533;444;405;438;498;460;643;859;902;1059;1171;1098;1027;991;
2004;5;588;551;599;656;752;720;742;702;668;605;510;605;675;624;622;849;800;871;967;987;924;827;753;796;872;774;816;846;890;896;916
2004;6;877;877;873;788;801;900;1127;1176;1123;1152;1101;914;783;704;646;632;639;624;577;584;603;717;620;554;537;527;511;528;555;559;
2004;7;572;545;601;545;583;541;512;512;516;571;588;671;782;787;764;881;1020;1005;846;775;793;892;991;975;912;860;790;842;1003;969;934
2004;8;751;659;597;580;1360;1316;965;1027;965;888;756;670;646;616;605;595;599;557;526;604;714;734;711;631;730;716;737;757;724;770;737
2004;9;731;695;631;663;809;813;829;853;910;977;1068;1126;1125;1000;1023;1051;1045;1124;1113;1040;1027;1031;961;922;976;961;987;1024;1042;1056;
2004;10;1011;1054;1005;1050;1162;1232;1236;1287;1317;1306;1288;1234;1185;1193;1229;1183;1101;1098;1101;1040;1070;1222;1275;1282;1244;1250;1295;1418;1523;1532;
2004;11;1516;1503;1514;1550;1572;1653;1752;1681;1628;1627;1679;1693;1657;1691;1760;1650;1542;1519;1518;1488;1437;1410;1361;1275;1187;1235;1215;1114;985;887;
2004;12;847;855;872;852;782;739;692;669;697;742;715;742;793;753;855;914;907;977;857;792;720;687;737;729;690;664;645;616;566;526;470
2005;1;512;545;557;508,4;456,8;436,4;454,4;473,6;504,8;558,5;593;526,7;497,6;488;581;573,8;682,4;657,2;713,9;589,4;458;467,6;426,8;431,6;509,6;634,7;539;516,8;519,2;486,8;465,2
2005;2;440;461,6;440;414,8;398;388;366;330;340;441,2;510,8;509,6;468,8;397;447,2;464;412,8;388;375;346;357;342;361;340;338;333;325;288;;;
2005;3;285;294;248,3;337,2;334;322;348;261,4;245,1;272,7;319;314;283,8;256,3;269,6;264,5;285,9;258,4;233,6;215,6;214,7;271,6;319;291,8;296,9;294;293,9;344,4;332,4;330;317
2005;4;283,9;259,4;257,4;386,1;332;364;354,4;447,3;643,1;689,4;646,7;806,5;673,4;652;680,9;850,2;802,3;835;637,8;596;805,7;950,3;1029;1079;1054;914,5;715,9;832,6;1006;1118;
2005;5;937,5;766,2;708,2;787,4;870;843,6;881;903;954,9;889,8;815,2;670,9;547,1;662,9;901,6;1029;1022;1096;1187;1305;1341;1299;1277;1308;1229;1096;1010;914;898,6;832,6;872,2
2005;6;973,3;1054;1022;1054;987,1;1029;1118;1229;1283;1223;1174;1138;1102;1054;1082;1155;1138;1074;939,1;848;863,4;896,4;971;1181;1250;1292;1274;1090;1054;1088;
2005;7;1160;1067;973,3;907,4;881;909,6;925,3;867,8;806,7;759,9;710,7;700,8;841,7;918,6;959,5;1068;1029;957,2;918,5;968,7;1001;943,4;835,3;696,8;657,4;698,3;669,8;620,4;482,1;470,5;452,4
2005;8;520,5;589,6;669,8;668,1;634,2;543,2;500,2;564;634,6;751,4;689,8;610,4;562,4;542;583,2;715,8;977,9;1003;961,8;903;859,3;894,2;802,3;755,8;853,7;749,1;896,7;849,8;867,2;806,5;665,4
2005;9;859;623,8;763,2;827,5;734,4;681,1;738,4;748;730,2;755,6;703,7;679,6;638,3;637,8;461;608,8;578,4;590,5;597,6;567,2;658,5;828,2;781,1;710,3;775,9;691,2;673,1;931,1;1057;1099;
2005;10;894,2;1017;1051;1010;941,6;808,8;894,4;994;1026;961,8;843,8;766,2;772,6;785,3;776,8;747,2;705,4;723,4;806,7;894,2;1001;1074;1107;1141;1184;1253;1323;1359;1400;1400;1365
2005;11;1332;1338;1296;1204;1130;1144;1099;1163;1226;1247;1198;1198;1235;1274;1337;1524;1910;2140;2145;2016;1809;1604;1485;1382;1379;1365;1198;1241;1124;1017;
2005;12;950,3;870;813;759,9;673,4;682,3;660,9;628,9;610,4;594,4;557,6;515,9;515,9;573,6;523;483,2;467,8;517,3;594,4;664,5;567,2;491,7;474,7;518,7;564;588;508,8;460,7;445,5;548,9;510,2
2006;1;399,3;412,4;417,1;520,7;612;604,9;501,7;513;500,2;471,9;441,4;537,5;422,1;407,3;364;371,2;361,6;343,6;325;379,6;364;334;316,3;320,9;328;325;364;475,2;426,6;365,2;359,6
2006;2;389,3;347,2;437,1;543,2;540,3;527,7;415,3;389,2;405,8;423,2;411;396,1;340;383,2;284,3;302;298,1;350,9;342,1;281,8;208,1;270,3;288,2;283,9;284,9;298;347;329,5;;;
2006;3;385,6;301;335;323;290;255,3;330;422,7;411;376;323;359,2;456,7;424,8;324;298;277,8;368,8;495;456,6;403,7;342,6;378,4;536,5;546,4;708,4;726;676,5;754,7;630,7;544
2006;4;531,5;484,6;411;407,2;412,4;470,5;512,9;487,3;554,3;641,4;607,2;578,9;543,5;789,6;914,8;815,4;639,6;478;568,8;604;614,6;703,9;623,1;421,4;477,5;605,9;828,4;941,1;989,4;1132;
2006;5;1253;1400;1462;1458;1368;1299;1326;1368;1439;1456;1462;1468;1462;1427;1320;1213;1118;1141;1192;1210;1262;1283;1247;1167;1057;903,5;883,7;904,6;887,6;943,4;914
2006;6;916,2;815,2;862,7;907,4;987,1;1004;1102;1192;1174;1132;1198;1302;1325;1271;1247;1247;1195;1163;1135;1130;1060;1088;1062;1031;1043;1012;934,2;859;793,4;663;
2006;7;581,6;567,2;559,2;537,2;525,8;562,4;511,6;514,4;531,5;494,6;413,1;488,9;390,4;462,3;600,8;535,3;687,3;606,3;734,7;734,4;481,9;532,9;572;601;531,7;465,2;517,6;538,7;1003;941,1;837,5
2006;8;885,4;850,2;876,6;907,4;916,3;927,4;863,4;907,4;943,4;994;859;850,2;710,7;641,4;635;731,9;872,2;894,2;733,7;745;828,4;892;764,1;700,8;745;833,4;982,5;1068;1003;941,1;837,5
2006;9;747,2;730,2;723,8;819,9;859;837;776,8;806,5;848;863,4;843,6;909,6;959,5;1019;1054;1144;1250;1250;1265;1229;1166;1118;1054;1048;1008;982,5;1054;950,5;845,8;766,2;
2006;10;794,4;700,1;726;762;802,3;793,8;730,2;700,1;664,5;836,3;707,1;742,9;723,8;783,2;966,4;912,3;896,4;931,9;905,2;961,8;966,4;959,5;878,8;946,1;1033;1172;1256;1314;1350;1356;1334
2006;11;1368;1439;1368;1238;1090;742,9;876,6;892;874,4;881;810,8;835;987,1;966,4;1012;1057;1130;1172;1216;1204;1174;1201;1259;1226;1166;1096;1107;1096;1085;1102;
2006;12;1060;998,6;1054;1146;1090;1008;896,4;841,4;881;909,6;936,5;898,6;872,2;883,2;817,5;762;714,3;669,8;632,5;620;637,8;714,3;680,5;634,2;634,2;957,2;599,2;625,3;652;583,2;545,2
2007;1;518,7;486;446,9;416,6;409,7;405,5;434,5;462,1;491,7;453,8;395,7;368,8;417,9;474,7;455,2;417,9;380,8;366,4;420,7;440;406,9;371,2;330;287,9;260,4;311;352;314;303;376;391,6
2007;2;413,8;364;284,9;261,4;295,9;342,6;310;284,9;263,5;259,4;261,4;261,4;244,1;279,8;251,2;235,4;225,5;216,5;253,3;288,9;316;283,8;248,2;230,9;223,7;234,5;225,5;204,8;;;
2007;3;185,2;190,5;204,8;194;223,7;282,8;309;320;380,8;380,8;377,4;458;370;288,8;307;341,2;388;409,7;376;324;331;384,6;373,6;330;338;431,7;567,6;730,9;783,2;697,6;669,8
2007;4;669,8;731,9;542,7;774,7;755,6;804,4;889,8;988,3;1124;1055;973,3;907,4;793,8;704,3;627,8;650,4;791,7;861,2;914;927,5;964,1;998,6;1054;1144;1259;1305;1283;1232;1184;1152;
2007;5;1163;1169;1107;1068;1110;1158;1096;1082;1274;1403;1530;1497;1415;1302;1163;1206;1242;1227;1210;1229;1370;1468;1607;1657;1554;1491;1459;1468;1508;1544;1600
2007;6;1681;1687;1680;1718;1738;1755;1918;2082;2097;2032;1940;1874;1718;1530;1350;1211;1204;1085;1034;945,7;977,9;903;945,7;1017;1048;1071;1082;1008;918,7;938,8;
2007;7;789,8;677;698,7;698,3;682,3;671,6;678,7;655,9;760,7;755,6;721,7;691,2;704,1;747,2;691,9;742,9;700,6;759,9;811,5;934,2;917,5;987,1;1003;988,4;1031;998,6;908,9;768,4;798,1;789,6;780,4
2007;8;749,3;708,9;634,7;731;841,9;941,1;878;1031;1267;1380;1484;1540;1551;1544;1586;1615;1763;1869;2052;2032;1869;1768;1636;1530;1415;1323;1356;1368;1302;1195;1160
2007;9;1135;1141;1204;1244;1210;1198;1127;1085;1088;1149;1123;1010;951,1;847,3;977,9;1058;1061;1104;1140;1116;1124;1130;1118;1114;1104;1102;1044;984,5;1017;1022;
2007;10;957,8;943,4;914,1;839,2;810,5;860,7;853,6;805,7;808,6;897,2;978,7;909,2;894,2;912,4;916,2;911,8;874,4;918,6;1088;1189;1268;1306;1322;1347;1382;1424;1498;1721;1910;1961;2047
2007;11;2036;2150;1869;1551;1610;1548;1487;1459;1462;1465;1459;1425;1391;1363;1347;1255;1091;1051;1015;961,4;935,9;886,5;905,2;938,1;1069;1048;981,2;960,1;973,5;961,2;
2007;12;843;765,9;720,8;673,7;750;831,9;846,4;751,8;706,8;637,6;608,8;655,6;659,2;750,1;748,6;721,6;767,3;859;856,6;833,8;795,9;789,6;776,8;799;820;699,7;749,4;828,7;774,7;682,4;780,5
2008;1;582,5;607,6;589,2;591,2;590,8;519,2;456;528,1;598,5;601,1;506,4;497,4;492,4;506,9;472,9;490,5;502;592,8;510,7;450,9;516,5;438,8;433,8;429,9;415,5;410;405,5;404;389,2;351,9;346,9
2008;2;382,9;437,3;431,4;379,2;408,7;379,3;343,7;371,3;412,4;445,2;398,5;431,1;435,4;425,2;373,4;402,7;585,9;508;514,4;533,6;553,3;561,5;560,7;602,1;521,6;494,6;485,9;499,2;513;;
2008;3;514;460,4;414,3;375,6;378,2;403,3;404,3;423,3;436;459;413,6;396,2;422,3;435,9;495,5;575,2;556,5;519,2;489,7;472,8;412,7;384,5;438;523,3;435,4;435,5;417,5;393;432,5;442,1;394,2
2008;4;422;496,5;476,3;463,7;413,8;403,3;398;399,5;401,3;399,2;409;408,7;434;420;462,6;525,5;521,8;459,6;424,7;409,7;404;403,9;517,3;586,4;617,1;881,4;993,4;1172;1091;977,1;
2008;5;979,6;983,5;978,5;1063;1146;1168;1170;1104;1084;1039;956;865,8;767,3;711,9;643,6;649,2;812,6;1046;1031;1045;1096;1066;1103;1139;1142;1094;1089;1186;1259;1300;1337
2008;6;1358;1313;1274;1281;1286;1275;1211;1250;1331;1356;1363;1345;1281;1199;1143;1064;964,2;876,6;923,8;980,2;954,7;942,1;999,6;1055;1236;1380;1517;1609;1567;1471;
2008;7;1346;1257;1278;1353;1475;1686;1904;1857;1657;1518;1466;1416;1396;1391;1387;1341;1395;1470;1549;1604;1561;1500;1430;1340;1194;1143;1214;1239;1360;1403;1485
2008;8;1502;1478;1458;1448;1356;1301;1224;1091;991,1;1000;1144;1297;1413;1433;1384;1298;1259;1178;1211;1307;1357;1316;1267;1279;1318;1328;1312;1283;1215;1189;1177
2008;9;1190;1196;1198;1216;1298;1322;1283;1229;1189;1095;1010;949,5;919,2;895,1;907,1;957,6;966,2;1019;962;969,5;985;993,4;987,1;1058;1018;938,6;966,4;1046;1017;1011;
2008;10;1011;1136;1208;1227;1254;1257;1278;1403;1485;1477;1491;1521;1501;1482;1483;1492;1490;1479;1495;1486;1448;1380;1352;1276;1218;1080;968,9;970,2;1081;1163;1182
2008;11;1177;1187;1215;1374;1516;1602;1592;1513;1454;1341;1182;1084;1181;1244;1290;1306;1378;1461;1558;1704;1819;2012;2154;;;;;2197;2226;2184;
2008;12;2173;2220;2164;1947;1763;1632;1517;1373;1242;1149;1081;1031;1000;1026;955,8;885,6;864;848,9;797,1;753,3;760,6;791,3;840,5;797,9;776,5;709,7;682,9;650,6;603,5;636,2;665,1
2009;1;598,7;562,1;562,3;535,2;497,8;497,8;565,4;586,1;654,7;672,8;613;610,4;580,7;573,5;579,7;626,8;572,9;526;545,1;571,1;597,9;644,2;627,2;696,7;658,3;609,1;586,9;556,9;545,3;546;494,2
2009;2;462,8;484,1;539,4;501,6;575,2;564,7;579,3;490,9;425,1;485,8;509,9;469,4;493,7;530;491,1;525,9;522,3;501,4;503,2;440,2;434,8;416;440,7;525,8;562,5;576,7;491,1;438,2;;;
2009;3;433,7;466,1;513,7;509,6;466,3;437,3;455,5;469,8;465,4;517,9;549,2;452,5;468,5;439,8;409,7;355;426,3;608,3;532,8;499,2;530,3;644,5;868,8;895,7;928,1;915,3;891,3;780,5;674,6;607,2;590,3
2009;4;626;771,2;761,6;679;638,2;580;533,3;505;562,1;505,7;513,7;575,5;613,2;584,9;622,6;659,9;597,1;591,9;498;485,1;535,8;699;723,9;767,5;846,5;805,3;684,4;580,4;642,4;896,9;
2009;5;1042;1080;1043;1023;1036;1048;1004;939,8;900,8;858,4;819;918,2;942,6;906;826,1;839,2;796,6;775,3;836,3;945,2;927,2;929,5;905,1;877,7;829;796,7;730,5;726,5;770,4;779,7;694,1
2009;6;614,4;538,6;525,7;558,5;583,1;812,5;961,7;1187;1186;1144;1187;1292;1306;1390;1563;1736;1727;1588;1582;1513;1391;1381;1399;1314;1243;1231;1171;1034;882,1;855,3;
2009;7;930;854,4;896,3;899;963,5;1011;991;988,5;1004;997,4;950,6;927,2;894,7;818,2;821,9;855,9;842,4;762,6;725,2;663,4;773,1;759,3;798;730;662,7;669,8;621,4;653,9;656,9;603,9;552,4
2009;8;594,9;657,7;634,2;594,2;634,3;574;630,9;834,7;909,6;897,6;916,7;871;901,9;974,2;973,3;1010;1102;1059;995,4;1117;1168;1159;1090;1036;1034;979,9;864,3;706,3;658;615,7;680,9
2009;9;678,9;688,5;650,7;677,5;871;959,4;886,5;913,1;853,7;945;881,9;755,3;798,2;955,9;825,2;869,4;998;1041;1034;946,4;871,1;771,5;864,8;819,5;735;686,9;679,8;638,1;631,4;626,7;
2009;10;554,6;497,4;498,4;639,1;832;816,9;750,6;750,4;694;627,5;559,2;576,8;588;647,6;770,5;914,5;1130;943,9;887,6;863,4;865,6;823,8;800,2;751,4;821,6;804,4;776,8;785,3;755,6;734,4;717,5
2009;11;700,1;691,2;685,9;721,7;742,9;762;787,4;808,6;815,1;791,7;772,6;755,6;728,1;715,4;673,4;641,4;689,4;703,7;734,4;880;802,3;766,5;753,3;819,1;740,7;697,4;697,2;664;657,1;621,8;
2009;12;586,3;549,5;548,7;514,8;456,5;456,3;500,4;476,7;409,9;421,5;399,4;424,4;413,2;397;376,4;388,1;401,2;346,7;345,6;486,1;550,4;480,4;604,1;660,9;681,3;597,6;648,7;786,8;779,8;636,2;604,7
2010;1;421,2;461,8;495,5;516,7;455,7;382,2;354,1;348,5;347;325,9;365,9;424,3;365,3;291,5;292,8;366,2;370,2;369,4;383,4;363;306,6;276,8;267,6;336,5;341,4;302,4;401,5;442,9;425,8;327,6;245,6
2010;2;239,5;210;211,2;285,4;395,5;374,8;294,4;212,4;201,6;230,7;227,2;205,2;181,9;216;240,7;227,2;213,6;229,4;245,7;199,5;231,8;296,9;317,4;281;252,2;332,8;320,8;275,9;;;
2010;3;337,1;339,9;317,5;391;320,2;326,1;416,7;380,3;416,2;477,3;398,6;500,6;463,4;377,8;318,8;271,7;240,8;332,8;370,2;364,7;360,3;435,1;410,6;352,9;301,4;225,7;208,8;214,7;232,2;231,6;435
2010;4;438,4;468,2;449,3;443,7;547,2;491,4;552,1;548,6;543,8;634,7;662,1;667,4;668,2;730,7;787,7;695,9;617,9;549;470,9;513,3;613,7;735,4;572,2;474,7;487;477,9;515,3;500,6;613,5;;
2010;5;701,2;625,9;644;737,7;894,7;933,6;905,9;783,8;813,5;966,7;974,8;1050;1062;1039;1126;1204;1253;1172;1135;1078;1114;1052;1002;1061;1028;1011;1105;1141;1102;1068;1053
2010;6;1066;1060;998,9;1062;1087;1067;1002;951,2;1029;1035;1045;1071;1078;1152;1226;1303;1383;1441;1515;1545;1567;1643;1663;1648;1594;1522;1470;1456;1463;;
2010;7;1334;1216;1128;1053;1122;1272;1357;1396;1389;1318;1363;1434;1484;1490;1519;1551;1594;1693;1758;1764;1750;1790;1925;1911;1827;1782;1728;1719;1737;;
2010;8;1704;1708;1731;1711;1672;1617;1565;1513;1450;;1389;1359;1330;1340;1347;1344;1354;1340;1374;1497;1592;1579;1501;1402;1340;1326;1360;1363;1352;1411;1513
2010;9;1615;1679;1677;1660;1636;1633;;1544;1530;1566;1546;1518;1548;1627;1680;1658;1588;1516;1434;1394;1391;1433;1449;1461;1484;1518;1529;1527;1620;;
2010;10;1708;1646;1617;1618;1582;1575;1656;1746;1797;1803;1739;1589;1367;1187;1067;1067;1101;1124;1138;1126;1168;;1220;1227;1191;1157;1106;1069;1024;1056;
2010;11;1180;1213;1283;1361;1461;1566;1623;1695;1702;1648;1568;1494;1449;1392;1413;1385;1373;1355;1327;1306;1288;1290;1322;1378;1357;1366;1343;1322;1320;1341;
2010;12;1370;1432;1473;1502;1571;1639;1582;1502;1453;1439;1435;1390;1340;1348;1341;1331;1368;1346;1354;1371;1358;1325;1252;1170;1113;1046;1056;1027;937,2;917,2;
2011;1;892,5;853,8;794;765,6;734,1;722,2;749,9;805,9;823,5;867;808,7;721,2;669,2;624;615,4;682,1;696,8;768,2;684,1;608,6;614,6;592,8;621;618,4;617,3;616,9;607,7;635,5;624,5;587,5;547,1
2011;2;545,1;575,1;561,2;505,6;469,8;451,6;438,6;450,1;471,4;471,4;468,2;460,1;456,8;542;583,2;555,6;479,4;547,2;563,4;579,4;573,7;529,2;496,8;497,1;502,5;507,9;497,5;468,4;;;
2011;3;496,5;654,6;717,5;788,2;738;618,8;585,9;566,1;530,3;568,8;707,8;677;605,1;537,7;518;514,2;474,1;451,4;485,9;644,6;825,1;889,6;888,4;854;836,9;877,6;866,4;951,7;923;888,3;813,2
2011;4;737,6;694,4;674,5;697,7;722,9;862,3;870,5;869,4;794,2;800,8;873,1;878,7;898;959,7;1021;1125;1204;1240;1244;1230;1220;1226;1238;1216;1195;1194;1213;1254;1261;1236;
2011;5;1250;1232;1205;1150;1067;1048;1002;1025;995,3;1009;1010;1003;1048;1037;1021;1056;1159;1281;1429;1569;1532;1404;1326;1269;1180;1152;1140;1099;1093;1090;1070
2011;6;1059;1112;1205;1303;1401;1387;1352;1303;1237;1166;1103;1034;908,3;825,9;767,9;761,7;846,2;1005;1090;1061;984,9;927,8;953;1044;1063;1145;1293;1470;1576;1510;
2011;7;1413;1354;1323;1249;1150;1013;926,4;865,6;864,1;906;944,9;930,9;979,3;1097;1224;1328;1353;1259;1162;1083;1029;963;901,8;921;887,1;838,5;836,5;866,4;951,9;1052;1149
2011;8;1127;1066;1027;979,7;933,9;891;843,1;806,6;788,9;799,9;796,9;867;929,3;923,9;958,5;1005;998,3;923,5;789,5;782,8;791,8;798,4;848,4;909,4;916,6;869,3;814,5;795,6;841,8;813,4;758
2011;9;737,9;719,6;685,8;722;674,6;631,4;796;809,2;865,9;917,9;893,8;840,3;959;934,1;834,6;769;720,1;817;936,5;1059;1034;989,6;973,1;891,8;858;877,8;850,1;818,8;840,3;852,1;
2011;10;879,8;848,8;813,5;846,2;838;839;887,4;938,1;996,5;1052;1109;1077;1109;1110;1088;1070;1051;1071;1120;1181;1237;1245;1223;1171;1077;1056;1008;971,7;1073;1118;1151
2011;11;1132;1029;913,8;944,3;917,9;889,8;949,5;875,8;893,8;907,8;919,9;936,2;944,3;1025;1028;998,6;1023;1068;1100;1196;1215;1180;1098;1063;1142;1176;1155;1219;1319;1414;
2011;12;1528;1533;1422;1345;1330;1278;1223;1209;1201;1141;1091;1169;1243;1281;1347;1453;1486;1394;1323;1288;1263;1198;1096;1036;976,1;882,6;822;758,1;709,2;671,2;742,5
2012;1;715,6;638,7;667,7;768,8;695,8;740,6;726,6;681,6;652,1;623,7;533,8;472,6;534,3;575,1;568,7;569;473,3;467,5;501,4;512,2;525,9;523,6;516,2;423,6;465,6;485,4;506,4;507,8;508,6;530,3;452,6
2012;2;438,6;490,3;494,3;491,8;394;358,1;455,3;483,5;644,2;612,1;563;468,7;380,6;409,2;458,1;455,5;383,4;386,7;384,9;379,7;396,1;398,5;411;386,5;382,5;383,3;383,7;372,6;378,9;;
2012;3;382,4;376,6;397,8;442,3;441,8;460,7;393,1;372,8;396;433,3;443,1;382,2;386,8;424,2;409,6;410,6;521,2;469,9;407,8;491,8;520,9;484,7;600,9;533,9;492,3;663,4;657,7;622,9;540,1;497;543,9
2012;4;536,4;511,2;484,6;507,1;467,3;528,4;515,5;626,8;868,2;877,1;792,5;795,5;751,8;726,2;813,3;655,2;744,7;932,4;952;876,6;826,1;883,5;997,1;1057;1154;1283;1351;1314;1215;1134;
2012;5;980,2;957,4;932,3;978,6;1081;1173;1266;1359;1443;1478;1479;1451;1310;1243;1158;1087;1038;1039;1076;1055;1099;1152;1173;1242;1321;1314;1225;1122;1069;997,6;918,6
2012;6;797,3;710;654,3;646,1;629,7;610,5;596,3;657,8;670,7;630,5;640,3;692,7;794,5;860,9;818,2;820,8;893,8;838,5;733,3;649,2;652,8;749,6;665;626,9;637,2;663;757,9;805,5;834,4;809,8;
2012;7;789,7;829,4;699,7;692,7;744,4;787,4;883,3;795,6;692,7;641;655,1;828;850,8;800,3;829,8;863,7;758,9;674,9;648,9;591,7;552,3;533,9;531,8;632,2;738;662,1;582,3;608,9;767,2;729,7;910,6
2012;8;949,6;880,8;944,6;942,3;945,8;948,9;996,2;954,3;912,2;901,7;809,8;805,2;839,2;968,9;1155;1323;1385;1341;1341;1373;1375;1349;1255;1151;1087;1025;1008;950,8;886,8;813,4;740,4
2012;9;698,8;649,6;672;718,2;719,8;775;784,2;795,7;819,9;793,1;772,6;730,8;782,1;880,9;805,4;699,5;661,4;794,8;860,5;915;882,1;848,6;782,5;821,1;891,4;824,5;740,4;762,9;761,1;637,1;
2012;10;583,9;681,3;748,5;742,9;751,5;665,8;750,9;815;713,8;746,1;779,9;746,7;747,3;708,3;795,3;913,8;977,7;1011;1010;966,7;963,9;1032;1074;1076;1078;1114;1094;995,7;898,2;865,3;888,4
2012;11;963,6;994,8;1018;971,9;891,7;880,6;847,7;853,9;847;728;698,2;744,9;736,8;723,7;823,2;972,7;1054;1119;1155;1092;977,3;898,8;846,8;798,4;761,6;697,8;666;723,2;755,8;871,1;
2012;12;867,4;871,3;925,3;1003;858,6;773,9;760,2;695,9;657,9;532,6;550,9;692,7;671,4;656,9;666,5;670,1;608,1;550,7;528,6;552,9;549,5;587,8;542,5;517,1;548,4;495;579,8;503,6;479;523,6;440
2013;1;420,5;377,6;411,5;450,1;458,2;369,4;318,8;314,1;361,1;402,5;353,3;377,7;384,8;378;311,7;274,1;346,7;394,5;357;301,1;264,9;307;370,2;319,8;338,8;335,2;289,5;316,3;344,5;294,8;295,2
2013;2;358,2;299,5;280,5;275,8;322,9;351,5;325,4;370,2;333,2;343,8;316,1;337,9;331,7;342,6;364,3;298,2;306,6;318,9;339,6;290,7;236,5;303,9;271,2;244,4;249,2;287,9;277,8;243;;;
2013;3;378,1;417,8;460,2;430,2;397,1;314,7;287,5;262,4;278,1;330,3;291,5;235,7;276,9;430;707;795,6;709;629,3;528,2;481,6;442;531,9;453,8;368,8;312;307,8;348,5;310,5;296,8;295,5;305
2013;4;351,3;393,9;406;398,5;324,7;330;360,2;309,2;307,8;302,3;321,6;258,4;239,6;295,7;341,4;436,3;506,5;581,3;581,3;637,9;501,1;536,4;603;605,2;507,1;549;501,3;483,6;557,6;691,3;
2013;5;637,9;568;661,5;758,1;736,2;885,8;988,6;987,8;929,3;995,5;1007;899,3;775,3;688,4;747,6;913,8;1002;942;830,3;814,8;901,5;917;938,1;1008;1080;1097;1007;990,3;1050;1070;1084
2013;6;1116;1035;898,4;874,9;879,9;780,7;711,3;619,4;636,9;634,7;644,2;689,2;716,3;802,6;860,7;907,3;908,5;859,8;864;902,1;875,3;850,3;804,7;785,4;878,8;991,5;957,2;928,2;964,8;901,1;
2013;7;951,9;991,5;948,1;930,9;970,8;914,7;823,8;769,7;763;702,9;694;701,3;766,6;627,6;521;558;575,2;699;738,5;657,6;632;608,8;712,6;732,3;582,9;566,6;616,4;496;420;507,1;565,2
2013;8;713,2;882,1;861,1;758,2;774,8;720,1;680,7;687,8;770,7;755,4;768,4;875,4;890,1;901,8;864,9;854,2;821,2;753;875,1;936;969,4;1020;1076;1065;1040;1007;1081;1116;1094;1119;1083
2013;9;998,1;910,7;852,9;889,3;854,6;806,1;877,9;950,7;934,7;893,8;888,5;996,8;1023;996,2;929,5;896,6;942,6;951,1;1041;1111;1074;996,3;867,2;852,6;894,9;842,7;830,4;724,8;778,1;741,1;
2013;10;800,8;806;742,5;776,5;902,5;799;681,4;699,9;700,9;693,5;655,5;660,6;692;904,9;994,9;976,3;982,5;920,5;826,7;826;861,8;899,8;895,9;877,1;844,5;870,3;857,2;800,4;853,5;917,5;876,3
2013;11;900,8;854,4;841,9;948,5;1015;1097;1148;1170;1164;1221;1248;1223;1144;1070;1040;997,2;919,2;896,5;940,2;949,9;903,7;830,2;822,9;806,3;771;872;923;966,7;986,6;991;
2013;12;1040;992;960,7;981,5;948,7;850,9;796,8;771,6;872,2;852;776,2;648,7;662,8;698,3;662,4;704,5;779,1;862,5;767,1;737,5;674,3;531,4;467;537,4;578,9;508,7;524,6;447,8;482,1;515,1;516,9
2014;1;415,5;366,2;469,5;412,5;394,6;390,7;382,6;433,4;489,1;499,7;404;371,6;370,9;415,8;402,5;423;376,2;401,5;399,6;375,9;375,6;418,1;556,9;414;412,9;374,3;404,6;380,4;375,7;370,6;373,7
2014;2;302,5;245,6;265;230,7;295,8;358,7;364,4;334,2;355,7;312,8;278,1;261,1;218,3;196,8;210;223,2;238,2;248,2;225,7;252,1;284,8;284,8;313,3;345,6;324,4;338,5;377,6;406;;;
2014;3;457,1;505,2;495,5;480,9;468,1;452,3;449,1;442,8;468,1;466,5;442,9;419,7;407,5;393,9;382;371,7;351,3;347;328,6;311,9;309,2;323;299,6;276,8;279,4;313,3;342,8;330;297;240;
2014;4;267,9;316,1;270,1;307,9;347;333;292,8;348,5;365,9;417,2;410,1;412,2;405,7;415,6;350,4;344,2;477,6;566,4;430,8;425,9;505,8;534,3;698;756,1;903,3;821,9;786,8;788,1;750,8;783,4;
2014;5;835,3;852,9;892,5;935,7;897,8;784,2;914,3;1010;1022;1093;1161;1237;1208;1160;1145;1195;1196;1203;1170;1097;998,5;964,6;955;895,8;821;750,9;697,4;635,4;591;671,3;734,4
2014;6;820,6;795,3;790,5;786,5;924,5;1092;1105;1232;1293;1339;1336;1230;1108;1043;1098;1185;1205;1144;1069;967,7;878,9;844,4;846,5;802,4;895,1;883;900,3;905,3;826,1;783,2;
2014;7;806,6;944,1;915,8;853,8;881,5;952,8;920,8;902,3;789,1;706,5;637,9;648,9;663;580,4;522,7;590,3;540,1;530,4;490;452,4;434,2;422,8;477,5;721,3;746,4;667,1;601,5;548,4;513,4;477,7;516,9
2014;8;586;701,3;815;704,6;664,8;617,3;783,1;893,2;962,4;953,5;1018;1063;1097;1077;1093;997,1;911,2;806,7;909,5;938,6;899,2;856,5;857,1;975,5;1024;1100;1194;1268;1320;1383;1420
2014;9;1369;1290;1243;1191;1100;1053;1013;942,3;856;820,8;874;973,1;938,3;875,8;973,5;1113;1154;1223;1198;1165;1198;1220;1178;1132;1147;1093;946,4;868,1;761,5;681,8;
2014;10;560,3;511,8;438,3;383,4;421,4;515,4;678,3;927;1139;1227;1277;1327;1401;1309;1254;1209;1147;1165;1222;1231;1178;1143;1165;1152;1121;1143;1147;1104;1044;1010;1015
2014;11;981,3;932,1;936,2;1044;1141;1200;1225;;;;;;;;;;;;;1353;1280;1207;1138;1115;1055;973,3;963,5;988,9;932,9;860,4;
2014;12;830;851,1;897,1;850,2;802,9;880,5;883,5;976,9;1064;1199;1277;1293;1317;1350;1301;1248;1171;1116;1003;840,1;812,2;791,4;675;582,9;618,3;656,6;559,8;575;515,5;507,1;502,5
2015;1;428,9;390,9;355,7;332,8;368,8;335,8;263,9;259,8;265;238,2;202,9;181,9;201,6;220,7;236,9;265;276,8;243,1;220,9;213,6;243,2;274,2;320,5;383,7;452,3;425,8;376,1;354,2;331,4;305;287,5
2015;2;;;;;;;;452,3;453,9;435,1;390,9;368,8;365,9;427,5;457,1;406;398,5;424,3;441,3;419,7;393,9;351,3;345,6;337,1;327,1;320,2;314,7;306,4;;;
2015;3;;;;;;;;;;;;;;;;;;;;;;;;;;;;;;;
2015;4;438,1;418,9;419,5;415,4;480,3;481,6;531,8;574,4;654;618,7;593,9;650,9;531;499;541,4;651,2;738,8;757,9;740,2;695,9;766,5;835,2;813,1;739,7;709,4;635,3;555,6;478,5;501,9;519,6;
2015;5;621,1;540,5;434,9;405,9;490;477,5;406;451,3;493,5;493;404,6;361,5;311,9;345,8;485,5;675,4;816,6;923,6;965,3;1090;1075;1108;1101;1037;984,1;1000;1012;1016;1078;1224;1356
2015;6;1408;1355;1243;1167;1132;1073;1054;1104;1122;1120;1086;1020;877,9;854,4;882,3;904,7;805,5;711,2;665,8;600,6;589,9;634,9;687,8;664,4;623,4;594,3;566,1;512,4;512,3;468,2;
2015;7;470,6;471,8;437,1;435,9;433,2;434,1;446,9;517,5;513,6;530,8;584,4;493,1;581,8;535,9;634,5;892,4;950,4;975,5;936,2;893,5;1106;1242;1293;1358;1359;1251;1126;1020;958,1;904,3;840,3
2015;8;808;848,3;769,3;712,6;702,5;668,5;654,9;725,5;858,1;941,9;933;958,8;892,3;846,5;813,5;807,1;842,4;859,4;813,6;715,2;835,4;870,8;802,4;786,7;778;886,4;1081;1178;1135;990,4;917,7
2015;9;919,7;989,3;1009;981,3;954;976,3;946,9;;;;;1006;934,2;873,8;832,5;867,9;820,8;776,6;746,3;696,2;629,6;573,9;515,1;482,5;538,3;598;584,2;550,1;523,4;489;
2015;10;518,4;550,1;603,2;624,3;596,3;;;;;;;;;;;;;;;;;;;;;;;;;;
2015;11;;;;;;;;;;;;;;;;;;;;;;810,8;887,3;996,9;1010;929,4;930,7;934,5;880,3;786;
2015;12;912,8;861,2;778,6;744,7;623,9;649,4;617,1;594,6;588,1;622,5;630;604;574,5;480,2;497,4;476,6;528,3;552,2;530,6;504,5;;;;;;;;;;;
2016;1;;;;;;;;;;;;;;;;;;;;;;;;;;;;;;;
2016;2;;;;;;;;;;;;;;;;;;;;;;;;;;;;;;;
2016;3;;;;;;;;;;;;;;;;;;;;;;;;;;;;;;;
2016;4;;;;;;;;;;;;;;;;;;;;;;;;;;;;;;;
2016;5;;;;;;;;;;;;;;;;;;;;;;;;;;;;;;;
2016;6;;;;;;;;;;;;;;;;;;;;;;;;;;;;;;;
2016;7;;;;;;;;;;;;;;;;;;;;;;;;;;;;;;;
2016;8;;;;;;;;;;;;;;;;;;;;;;;;;;;;;;;
2016;9;;;;;;;;;;;;;;;;;;;;;;;;;;;;;;;
2016;10;;;;;;;;;;;;;;;;;;;;;;;;;;;;;;;
2016;11;;;;;;;;;;;;;;;;;;;;;;;;;;;;;;;
2016;12;;;;;;;;;;;;;;;;;;;;;;;;;;;;;;;
2017;1;704,6252381;654,4878864;677,4524773;689,9915;;;;;796,3759;911,2064773;785,6392045;624,0256818;630,225;583,8492727;605,5780455;564,5908864;558,3788409;587,8682045;630,6956364;657,0159773;661,5197273;578,7047955;619,3519318;621,0523182;624,3538864;556,75775;500,3104773;564,1338182;517,25125;459,4085;526,7246364
2017;2;565,7899318;527,4473182;453,2681364;486,3164773;450,7843636;420,9048696;490,6212045;445,8070909;462,1311739;436,11025;475,1148864;456,0139091;419,19975;445,7342045;427,1295227;428,3516591;435,1799091;483,8936818;449,5456364;406,04275;398,0611818;398,9706136;413,675775;445,4599545;437,0984545;451,8818636;479,2599773;459,4234545;;;
2017;3;457,8569091;429,9208182;470,6442955;470,9428864;450,5360455;450,7431591;462,6464545;472,8593636;455,5365909;496,0904318;554,7931364;454,6018409;595,0840227;608,4878571;774,9506667;876,7895357;807,173;689,2047143;637,9092857;623,6296364;528,6704091;520,1231591;513,6516136;708,1036471;708,7649091;711,95;918,7738462;1013,785458;974,2506818;957,1985;992,3851818
2017;4;948,245;903,1586591;879,0248864;819,13825;715,103119;621,0482955;529,2866136;533,4582045;530,4760455;538,0122955;620,4188409;690,2935455;649,72575;668,8436818;684,9071818;633,5110714;653,2199318;777,98025;755,21025;809,3293333;858,1213824;827,6669773;771,7955;777,6404286;;;850,4193462;854,5008864;737,3502273;;
2017;5;996,1812917;1006,158818;1050,439853;1094,798808;1065,318;;;1116,159708;1160,498875;1370,416;;;1613,126692;1660,8795;1603,650563;1542,222706;;1442,197462;1388,387846;1370,998;1249,500308;;1150,644536;1106,287714;1081,786864;1069,207917;;948,2384615;;932,8257143;930,8808
2017;6;935,8737143;916,86;882,1059167;889,7745;;954,8586818;;;1214,909857;1210,365778;1131,262063;1116,848375;1228,646143;1271,433077;1286,89675;1357,4956;;1499,452545;1527,36805;1464,597889;1365,178;1338,49;1313,956667;1282,35375;1236,016;;;1297,5728;1306,29;1272,132;
2017;7;1249,9226;;;;;;;;;;843,718875;883,773;852,0983333;762,2026;860,7512222;940,228;;1022,5872;1024,945833;;934,1962083;833,8832143;848,5059091;866,8771364;779,928625;817,792;;;;904,5340833;943,276
2017;8;;;;808,6785455;974,2845588;1015,962545;975,2398824;920,0599412;958,5566842;1013,938778;971,223;1071,809725;1106,558159;1029,228409;960,0980625;986,3556471;1024,938923;982,6846667;960,9687857;1010,693364;1062,403063;1089,392619;1040,855895;1090,98495;1153,4732;1048,924375;1036,8996;;903,2514286;1013,663222;1108,232833
2017;9;1143,302;1050,923273;1024,43275;996,0410714;895,1196667;946,3019333;987,7745938;1026,745611;1124,0246;1193,216182;1272,830923;1249,551818;1179,143962;1148,918;1111,020464;1102,090962;1192,854275;1258,648531;1184,10375;1174,537182;1193,980714;1119,06925;1151,100941;1236,436563;1222,375;1194,71225;1148,061769;1119,080313;1154,456;1174,325875;
2017;10;1228,539333;1223,985364;1215,642083;1257,958875;1223,649423;1248,3525;1240,238118;1195,43825;1129,158;1033,33065;989,5731667;1067,614542;1061,983214;978,22925;1114,091625;1154,38515;1111,644853;1086,744667;1050,066588;962,2745263;969,6987143;1019,66025;1073,335227;1040,6688;1056,651577;1034,18925;1037,211031;974,6305833;1055,1335;1043,690893;948,3089412
2017;11;962,0496667;1160,462;1142,99;1132,798;1235,319875;1314,162583;1320,747143;1299,485;1190,230227;1190,5066;1193,236583;1174,237375;1133,849969;1064,0383;1087,485938;1107,5245;1200,990714;1296,927864;1392,009364;1500,499909;1611,609659;1646,501568;1612,865182;1545,192091;1499,928409;1438,846227;1354,414909;1257,729205;1193,032316;1147,0422;
2017;12;1113,978125;1072,011429;1119,9104;1115,8375;1062,661967;1027,767063;1010,308167;959,1330882;1024,850964;1079,936714;1119,510846;1129,886;1113,554227;1118,456875;;;;805,0288571;703,0494167;657,1507857;701,58125;630,4203125;642,8739063;676,5868182;596,3481364;711,37495;612,640675;643,310875;657,0185;698,7956818;904,8222727
2018;1;718,5486667;701,2413125;677,0651875;736,312;773,264;732,97925;726,42675;701,475;767,835875;858,023;799,569875;862,1915;859,698125;785,682875;705,9965;661,4976875;623,847875;632,22125;619,6611875;585,90775;583,3975625;573,0268125;552,468375;554,625625;595,4403125;616,9939375;631,5588125;648,8609375;665,5116875;681,543125;702,2371875
2018;2;606,435375;548,417375;515,7101875;493,8555;487,9811875;487,1709375;501,552875;500,1349375;483,32225;478,865875;476,84025;477,8765;446,763875;374,5919375;355,4673125;374,0901875;390,1930625;427,9294375;487,024875;490,209375;481,296625;486,97775;463,5779375;438,4086875;417,9573125;389,7201875;359,37725;309,2185;;;
2018;3;353,7815;444,6021875;432,4720625;382,93425;306,5150625;301,0230625;418,0631875;456,044625;508,89;551,6091875;498,4770625;416,258875;403,724;423,354625;458,438875;449,7965625;405,4604375;375,6211875;313,2064375;287,4889375;341,50875;451,1965;491,8439375;516,1441875;585,45275;650,07875;593,2110625;487,9534375;410,8824375;445,48775;483,3925625
2018;4;520,5300625;577,859125;713,64975;796,441;793,950875;811,346;839,8021875;803,538375;655,214125;660,1115625;676,0955;657,8553125;687,6949375;757,82725;793,04475;813,524;831,682125;836,86975;780,892375;739,29125;700,098;694,1225;715,0495;759,2335;802,183;828,052125;848,8901875;877,7875;901,7893125;927,281875;
2018;5;946,331875;967,1224375;993,7624375;1020,145812;1057,357562;1071,69025;1086,68175;1103,375375;1112,801312;1145,487562;1192,550125;1244,204125;1249,20075;1272,149812;1340,078312;1442,827937;1523,541812;1565,73975;1608,383375;1645,788937;1676,051375;1764,114312;1820,742;1875,101875;1898,889062;1923,465625;1944,821562;1966,976625;1987,487;;1983,51725
2018;6;1985,502125;1966,645813;1953,0825;1931,99175;1914,618063;1923,793312;1907,743;1865,062;1793,4325;1781,879938;1765,01625;1728,820063;1696,38425;1672,29425;1618,630875;1720,71875;1821,7635;1833,922;1720,6995;1581,665375;1448,60625;1272,194063;1181,707938;1168,165;1132,922188;1110,108188;1099,874313;1095,026688;1086,678;1077,536375;
2018;7;1062,391813;1066,37525;1054,424937;1063,719625;1050,972625;1041,677938;1036,897812;1049,682938;999,2058125;1019,865;1035,608125;1042,23575;1052,327125;1016,98575;1001,019;987,245375;972,7970625;957,57875;949,6535625;933,878;918,384;911,533875;898,276625;888,77425;869,8175;857,498375;850,1165;831,488875;809,168;794,89;809,168
2018;8;827,802;834,1224375;845,4413125;876,5371875;909,2990625;933,624;952,205375;963,5113125;930,3731875;854,101625;809,652;796,59225;782,750125;798,782625;816,67;829,98;836,829125;850,1165;865,8725;883,5229375;892,0250625;902,0315;919,915875;939,466;951,7091875;985,1933125;1016,2005;1037,732625;1054,956062;1074,360875;1104,721937
2018;9;1114,955812;1149,361187;1218,942625;1249,20075;1269,8605;1292,582625;1310,89;1326,415;1296,295188;1266,755;1222,000813;1184,235;1121,186875;1104,183313;1090,717688;1080,483813;1069,56575;1052,566;1040,350125;1042,48225;1022,755688;1004,6835;1034,849562;1082,672062;1103,644687;1141,739312;1230,182812;1280,089375;1305,438187;1348,619;
2018;10;1355,8695;1317,538125;1249,517;1235,32625;1361,556625;1420,52;1392,5495;1373,617;1354,993;1358,194;1392,0165;1405,7915;1444,765188;1442,052813;1423,756;1387,8935;1356,753;1313,513125;1269,296187;1292,295125;1307,443562;1326,7025;1303,71675;1278,662563;1250,052563;1221,156125;1205,77975;1174,004938;1110,433125;1050,464;1048,582563
2018;11;1033,745375;1011,22725;974,1795;894,315;865,8645;835,393375;799,504375;780,129375;737,650375;705,368;699,1715;697,8160625;655,1705;609,532375;589,3665625;571,309;521,8013125;499,7298125;514,683125;491,65575;455,5541875;422,9539375;437,434125;440,9711875;402,4425625;392,068;410,5068125;422,761;429,5138125;441,8618125;
2018;12;419,7085625;442,519625;456,2425;474,8755625;471,29975;488,3956875;500,9451875;493,6529375;506,8765;527,51275;498,349875;474,69175;442,4949375;454,67925;434,9456875;424,690375;422,1821875;411,0609375;415,637125;409,373875;380,1726875;361,6504375;362,93625;339,7625625;330,5595625;312,292125;295,181875;321,1009375;303,65325;313,4769375;300,944625
